Sl No.,Time,FES102_pH,AL_VSP1_GCB1B_SCB_102-pH - (pH) Raw,SCRUBBER_SCB_103_GCB1C-pH - (pH) Raw,SCB_301-pH - (pH) Raw,SCB_302-pH - (pH) Raw,SCB_303-pH - (pH) Raw,LL_VSP1_OCB_SCB_304-pH - (pH) Raw,LL_VSP1_GCB2_SCB_501-pH - (pH) Raw,LL_VSP1_GCB3_SCB_502-pH - (pH) Raw,LL_VSP1_GCB4_SCB_601-pH - (pH) Raw,SCB_604-pH - (pH) Raw,SCB_605-pH - (pH) Raw,SCB_606-pH - (pH) Raw,LL_VSP1_GCB7_SCB_901-pH - (pH) Raw,LL_VSP1_RM_SCB_105-pH - (pH) Raw,LL_VSP1_EHS_SCB_106-pH - (pH) Raw,LL_VSP1_EHS_SCB_107-pH - (pH) Raw,Ammonia_Scrubber-pH - (pH) Raw,LL_VSP1_RM_SCB_104-pH - (pH) Raw,FES_101_RM-pH - (pH) Raw,Ambient_VOC,AQMS2_VOC,Year,Month,Day
1,01-01-2026,9.5,12,14,11.13,8.15,12.34,0.95,1.5,1.41,,,,,11.28,13.02,6.9,9.02,9.8,12.45,,0,0.45,2026,1,1
2,02-01-2026,9.5,12,14,11.2,8.15,11.76,0.95,1.53,1.4,,,,,11.29,13.09,6.9,8.96,9.8,12.57,,0,0.45,2026,1,2
3,03-01-2026,9.5,12.09,14,11.15,8.15,11.27,0.95,1.53,1.4,,,,,11.3,13.05,6.9,8.47,9.8,12.58,,0,0.47,2026,1,3
4,04-01-2026,9.5,12.04,13.91,11.1,8.12,12.52,0.95,1.53,1.41,,,,,11.29,12.84,6.9,8.87,9.8,12.57,,0,0.51,2026,1,4
5,05-01-2026,9.5,12.14,14,11.12,8.08,11.94,0.95,1.53,1.4,,,,,11.3,12.8,6.9,8.88,9.8,12.56,,0,0.41,2026,1,5
6,06-01-2026,9.5,12.14,14,11.12,8.08,11.94,0.95,1.53,1.4,,,,,11.3,12.8,6.9,8.88,9.8,12.56,,0,0.41,2026,1,6
7,07-01-2026,9.5,12.14,14,11.12,8.08,11.94,0.95,1.53,1.4,,,,,11.3,12.8,6.9,8.88,9.8,12.56,,0,0.52,2026,1,7
8,08-01-2026,9.5,12.14,14,11.12,8.08,11.94,0.95,1.53,1.4,,,,,11.3,12.8,6.9,8.88,9.8,12.56,,0,0.54,2026,1,8
9,09-01-2026,9.5,11.8,13.84,11.18,7.83,12.89,0.95,1.53,1.38,,,,,11.29,12.61,6.9,9.15,9.8,12.48,,0,0.48,2026,1,9
10,10-01-2026,9.5,11.82,13.82,11.2,7.84,12.85,0.95,1.53,1.37,,,,,11.31,12.59,6.9,9.17,9.8,12.52,,0,0.53,2026,1,10
11,11-01-2026,9.5,12.08,13.99,11.18,7.83,12.54,0.95,1.53,1.37,,,,,11.31,12.52,6.9,9.17,9.8,12.5,,0,0.51,2026,1,11
12,12-01-2026,9.5,11.9,9.94,11.2,7.77,11.17,5.23,2.93,5.77,,,,,11.3,12.46,6.9,9.17,9.8,12.49,,0,0.52,2026,1,12
13,13-01-2026,9.5,11.9,5.6,11.19,8.27,7.76,9.5,7.3,13.69,,,,,11.31,12.45,6.9,9.17,9.8,12.52,,0,0.54,2026,1,13
14,14-01-2026,9.5,11.95,5.6,11.22,8.34,12.47,9.5,7.3,13.63,,,,,11.31,12.4,6.9,9.11,9.8,12.54,,0,0.57,2026,1,14
15,15-01-2026,9.5,12.12,5.6,11.18,8.62,11.84,9.5,7.3,13.7,,,,,11.32,12.34,6.9,9,9.8,12.57,,0,0.51,2026,1,15
16,16-01-2026,9.5,12.6,5.6,11.01,8.69,12.82,9.5,7.3,13.8,,,,,11.31,12.36,6.89,9.13,9.8,12.47,,0,0.49,2026,1,16
17,17-01-2026,9.5,12.2,5.6,11.17,8.36,11.5,9.5,7.3,13.65,,,,,11.32,12.3,6.9,9.06,9.8,12.59,,0,0.54,2026,1,17
18,18-01-2026,9.5,12.13,5.6,11.17,8.35,11.54,9.5,7.3,13.73,,,,,11.32,12.27,6.9,9.07,9.8,12.52,,0,0.46,2026,1,18
19,19-01-2026,9.5,12,5.52,11.14,7.99,11.62,9.5,7.3,13.7,,,,,11.31,12.29,6.89,9.06,9.8,12.43,,0,0.34,2026,1,19
20,20-01-2026,9.5,11.9,5.5,11.23,9.01,11.39,9.5,7.3,13.64,,10.94,11.25,4.86,11.33,12.29,6.89,8.86,9.8,12.54,,0,0.53,2026,1,20
21,21-01-2026,9.5,11.94,5.48,11.2,8.52,11.05,9.5,7.3,13.77,,11.16,10.81,5.93,11.32,12.21,6.89,9.06,9.8,12.49,,0,0.44,2026,1,21
22,22-01-2026,9.5,12.1,5.46,11.25,8.81,10.84,9.5,7.3,13.69,,10.93,11.15,11.14,11.32,12.18,6.89,8.9,9.8,11.78,,0,0.46,2026,1,22
23,23-01-2026,9.5,12.1,5.48,11.27,8.53,11.24,9.5,7.3,13.62,,11.17,11.33,7.97,11.33,12.14,6.89,8.83,9.8,10.81,,0,0.36,2026,1,23
24,24-01-2026,9.5,12.1,5.48,11.24,8.38,11.44,9.5,7.3,13.7,,11.25,11.01,5.76,11.32,12.08,6.9,8.87,9.8,10.93,,0,0.37,2026,1,24
25,25-01-2026,9.5,12.1,5.48,11.24,8.38,11.44,9.5,7.3,13.7,,11.25,11.01,5.76,11.32,12.08,6.9,8.87,9.8,10.93,,0,0.54,2026,1,25
26,26-01-2026,9.5,12.1,5.48,11.24,8.38,11.44,9.5,7.3,13.7,,11.25,11.01,5.76,11.32,12.08,6.9,8.87,9.8,10.93,,0,0.41,2026,1,26
27,27-01-2026,9.5,12.1,5.48,11.24,8.38,11.44,9.5,7.3,13.7,,11.25,11.01,5.76,11.32,12.08,6.9,8.87,9.8,10.93,,0,0.42,2026,1,27
28,28-01-2026,9.5,12.1,5.48,11.24,8.38,11.44,9.5,7.3,13.7,,11.25,11.01,5.76,11.32,12.08,6.9,8.87,9.8,10.93,,0,0.42,2026,1,28
29,29-01-2026,9.5,12.1,5.48,11.27,7.43,12.76,9.5,7.3,13.6,,11.18,10.97,11.67,11.33,11.99,6.89,9.02,9.8,10.96,,0,0.42,2026,1,29
30,30-01-2026,9.5,13.4,5.46,11.19,7.46,11.87,9.5,7.3,13.61,,11.05,11.07,11.75,11.33,11.96,6.89,9.05,9.8,10.96,,0,0.42,2026,1,30
31,31-01-2026,9.5,13.9,5.48,11.23,7.43,12.14,9.5,7.3,13.59,,11.02,11.01,12.15,11.34,13.34,6.89,8.98,9.8,10.96,,0,0.42,2026,1,31
32,01-02-2026,9.5,13.6,5.48,11.26,7.44,11.63,9.5,7.3,13.58,,10.95,11.1,12.44,11.35,13.34,6.89,9.05,9.8,10.95,,0,0.42,2026,2,1
33,02-02-2026,9.5,13.48,5.45,11.31,7.48,9.91,9.5,7.3,13.6,,11.16,10.99,12.46,11.35,13.34,6.89,9.05,9.8,10.96,,0,0.45,2026,2,2
34,03-02-2026,9.5,13.34,5.46,11.35,7.9,11.58,9.5,7.3,13.62,,10.97,11.17,12.43,11.35,13.34,6.89,9.14,9.8,10.97,,0,0.23,2026,2,3
35,04-02-2026,9.5,12.75,5.46,11.52,8.15,11.16,9.5,7.3,13.65,,11.2,10.94,12.38,11.35,13.34,6.89,9.16,9.8,10.97,,0,0.25,2026,2,4
36,05-02-2026,9.5,12.77,5.46,11.79,8.36,11.12,9.5,7.3,13.69,,11.03,11.14,12.29,11.35,13.33,6.89,9.22,9.8,10.97,,0,0.2,2026,2,5
37,06-02-2026,9.5,12.86,5.46,12.09,8.1,11.26,9.5,7.3,13.7,,11.1,11.1,11.96,11.35,12.45,6.89,9.26,9.8,10.94,,0,0.24,2026,2,6
38,07-02-2026,9.5,12.98,5.24,11.86,7.7,12.28,9.5,7.3,13.67,,11.15,11.37,9.17,11.35,12.17,6.89,9.27,9.8,10.98,,0,0.2,2026,2,7
39,08-02-2026,9.5,12.94,5.45,11.89,7.78,12.17,9.5,7.3,13.66,,11.17,11.1,12.38,11.35,11.99,6.89,9.27,9.8,10.98,,0,0.27,2026,2,8
40,09-02-2026,9.5,12.92,5.45,12.01,7.87,11.53,9.5,7.3,13.64,,11.14,10.99,12.2,11.36,11.86,6.89,9.27,9.8,10.98,,0,0.28,2026,2,9
41,10-02-2026,9.5,13.17,5.43,12.02,7.64,12.05,9.5,7.3,13.59,,11.04,10.86,12.28,11.36,11.77,6.89,9.24,9.8,10.98,,0,0.27,2026,2,10
42,11-02-2026,9.5,13.2,5.23,12.06,7.3,12.13,9.5,7.3,13.57,,11.09,11.15,12.53,11.37,11.68,6.89,9.2,9.8,10.98,,0,0.14,2026,2,11
43,12-02-2026,9.5,12.65,5.22,12.13,6.64,12.16,9.5,7.3,13.56,,10.94,11,12.27,11.4,11.6,6.89,9.22,9.8,10.95,,0,0.26,2026,2,12
44,13-02-2026,9.5,12.39,5.19,12.17,6.08,12.39,9.5,7.3,13.56,,11.29,11.13,11.58,11.38,11.52,6.89,9.26,9.8,10.99,,0,0.29,2026,2,13
45,14-02-2026,9.5,12.6,5.18,11.9,6.93,12,9.5,7.3,13.54,,11.11,10.99,11.84,11.38,11.44,6.89,9.19,9.8,10.89,,0,0.17,2026,2,14
46,15-02-2026,9.5,12.6,5.18,11.96,6.94,11.77,9.5,7.3,13.55,,11.12,11.01,12.43,11.38,11.37,6.89,9.17,9.8,10.8,,0,0.29,2026,2,15
47,16-02-2026,9.5,3.23,1.43,11.89,6.69,11.28,9.5,7.3,13.57,,11.24,11.19,12.28,11.38,11.51,6.89,9.1,9.8,10.8,,0,0.19,2026,2,16
48,17-02-2026,9.5,0.95,2.33,11.95,6.46,11.2,9.5,7.3,13.54,,11.13,11.26,11.74,11.38,11.38,6.89,9.09,9.8,10.8,,0,0.19,2026,2,17
49,18-02-2026,9.5,9.01,8.98,11.98,6.9,11.89,9.5,7.3,13.53,,11.15,11.18,12.45,11.39,13.44,6.89,9.12,9.8,10.8,,0,0.22,2026,2,18
50,19-02-2026,9.5,9.01,8.98,12.08,7.3,12.1,9.5,7.3,13.53,,11.1,11.21,12.36,11.41,11.38,6.89,9.17,9.8,10.8,,0,0.25,2026,2,19
51,20-02-2026,9.5,9.01,8.98,12.11,7.51,12.24,9.5,7.3,13.58,,9.68,10.96,12.19,11.4,11.07,6.89,9.22,9.8,10.8,,0,0.25,2026,2,20
52,21-02-2026,9.5,8.16,8.9,11.9,7.05,12.37,9.5,7.3,13.59,,7.21,11.28,11.74,11.39,11.02,6.89,9.23,9.8,10.81,,0,0.24,2026,2,21
53,22-02-2026,9.5,7.37,8.83,11.87,6.7,11.89,9.5,7.3,13.66,,7.21,11.18,12.41,11.39,10.98,6.89,9.23,9.8,10.81,,0,0.24,2026,2,22
54,23-02-2026,9.5,7.36,8.83,11.84,6.65,11.89,9.5,7.3,13.66,,7.21,11.13,12.23,11.4,10.92,6.89,9.23,9.8,10.81,,0,0.34,2026,2,23
55,24-02-2026,9.5,7.36,8.83,11.78,7.36,11.79,9.5,7.3,13.63,,7.21,11.07,12.21,11.41,10.88,6.89,9.25,9.8,10.81,,0,0.21,2026,2,24
56,25-02-2026,9.5,7.36,8.83,11.68,7.4,11.76,9.5,7.3,13.59,,7.21,10.91,12.22,11.42,13.49,6.89,9.26,9.8,10.78,,0,0.22,2026,2,25
57,26-02-2026,9.5,7.35,8.81,11.59,7.38,11.23,9.5,7.3,13.51,13.97,7.21,11.16,12.3,11.43,13.49,6.89,9.24,9.8,10.82,,0,0.23,2026,2,26
58,27-02-2026,9.5,7.36,8.81,11.58,7.55,11.54,9.5,13.84,13.47,13.9,7.21,11.21,12.37,11.42,11.22,6.89,9.19,9.8,10.35,,0,0.23,2026,2,27
59,28-02-2026,9.5,7.36,8.81,11.52,7.47,11.79,9.5,13.46,13.47,14,7.21,10.96,12.6,11.42,11.1,6.89,9.19,9.8,10.82,,0,0.23,2026,2,28
60,01-03-2026,9.5,7.32,8.81,11.5,7.12,11.84,9.5,10.5,13.48,14,7.21,11.25,12.75,11.42,11.05,6.89,9.18,9.8,10.82,,0,0.24,2026,3,1
61,02-03-2026,9.5,7.33,8.81,10.87,7.46,11.39,9.5,13.63,13.48,14,7.21,11.04,12.68,11.41,11.03,6.88,9.2,9.8,10.82,,0,0.3,2026,3,2
62,03-03-2026,9.5,7.33,8.81,10.53,7.26,10.75,9.5,7.06,13.52,13.96,7.21,11.14,11.54,11.41,11.02,6.89,9.2,9.8,10.83,,0,0.26,2026,3,3
63,04-03-2026,9.5,7.32,8.81,10.59,7.06,10.13,9.5,13.57,13.56,13.96,7.21,11.35,10.33,11.41,11.01,6.89,9.15,9.8,10.83,,0,0.18,2026,3,4
64,05-03-2026,9.5,7.33,8.81,10.66,7.09,10.35,9.5,12.18,13.58,13.96,7.21,11.14,11.84,11.4,11,0.91,1.88,9.8,10.81,,0,0.22,2026,3,5
65,06-03-2026,9.5,7.31,8.81,10.71,7.05,10.59,9.5,8.82,13.56,13.96,7.21,11.22,12.62,11.41,11.01,0.91,0.17,9.8,10.83,,0,0.25,2026,3,6
66,07-03-2026,9.5,7.3,8.81,10.72,7.06,10.78,9.5,10.98,13.54,13.96,7.21,11.45,12.52,11.41,10.97,6.89,8.89,9.8,10.83,,0,0.2,2026,3,7
67,08-03-2026,9.5,7.25,8.81,10.86,7.06,10.94,9.5,13.05,13.52,13.96,7.21,11.37,12.49,11.42,10.96,6.89,9.01,9.8,10.83,,0,0.22,2026,3,8
68,09-03-2026,9.5,7.24,8.81,10.81,7.07,10.98,9.5,10.71,13.5,12.1,7.21,11.39,12.47,11.42,10.94,6.89,9.01,9.8,10.83,,0,0.2,2026,3,9
69,10-03-2026,9.5,7.27,8.81,10.77,7.06,10.92,9.5,11.08,13.47,8.25,7.21,11.11,12.58,11.42,10.93,6.89,8.99,9.8,10.4,,0,0.19,2026,3,10
70,11-03-2026,9.5,7.31,8.81,10.87,7.06,10.71,9.51,12.04,13.49,8.25,7.21,11.45,12.57,11.42,10.92,6.89,9.06,9.8,10.83,,0,0.24,2026,3,11
71,12-03-2026,9.5,7.34,8.81,10.85,7.06,10.62,9.51,12.74,13.57,8.25,7.21,11.23,12.09,11.42,10.9,6.89,9.04,9.8,10.83,,0,0.25,2026,3,12
72,13-03-2026,9.5,7.33,8.82,10.74,7.06,10.76,9.51,12.59,13.53,8.24,7.21,11.52,11.04,11.42,11,6.89,8.91,9.8,10.83,,0,0.22,2026,3,13
73,14-03-2026,9.5,7.32,8.81,10.66,7.06,10.81,9.51,9.67,13.46,8.25,7.21,11.27,10.47,11.43,10.91,6.89,8.94,9.8,10.84,,0,0.13,2026,3,14
74,15-03-2026,9.5,7.32,8.81,10.52,7.07,10.8,9.51,6.43,13.4,8.24,7.2,11.54,10.23,11.44,10.9,6.89,8.84,9.8,10.83,,0,0.15,2026,3,15
75,16-03-2026,9.5,7.34,8.81,10.65,7.05,10.86,9.51,13.34,13.48,8.24,7.21,11.26,10.94,11.43,10.97,6.88,9.05,9.8,10.84,,0,0.14,2026,3,16
76,17-03-2026,9.5,7.35,8.81,10.67,7.09,10.83,9.51,13.25,13.49,8.24,7.21,11.17,12.93,11.44,11.29,6.88,8.99,9.8,10.83,,0,0.19,2026,3,17
77,18-03-2026,9.5,7.36,8.81,10.68,7.04,10.81,9.51,13.04,13.44,8.24,7.21,11.38,12.75,11.43,11.13,6.88,9,9.8,10.84,,0,0.12,2026,3,18
78,19-03-2026,9.5,7.36,8.81,10.73,6.99,10.79,9.51,10.28,13.41,8.24,7.21,11,12.73,11.43,10.97,1.73,2.87,9.8,10.81,,0,0.19,2026,3,19
79,20-03-2026,9.5,7.35,8.81,10.53,6.97,10.8,9.51,13.16,13.38,8.24,7.21,11.29,12.81,11.45,10.88,1.73,2.87,9.8,10.81,,0,0.21,2026,3,20
80,21-03-2026,9.5,7.35,8.81,10.06,6.99,10.79,9.51,13.1,12.35,8.24,7.21,11.35,12.86,11.46,10.96,1.73,2.87,9.8,10.82,,0,0.25,2026,3,21
81,22-03-2026,9.5,7.32,8.81,10.41,6.97,10.78,9.51,12.99,9.69,8.24,7.21,11.49,12.4,11.44,10.86,8.43,8.34,9.8,10.83,,0,0.3,2026,3,22
82,23-03-2026,9.5,7.37,8.81,10.68,6.92,10.78,9.51,9.7,9.69,8.24,7.21,11.34,11.97,11.44,10.83,8.43,8.34,9.8,10.83,,0,0.28,2026,3,23
83,24-03-2026,9.5,7.36,8.81,10.59,6.87,10.77,9.51,3.37,9.69,8.25,7.21,11.23,12.69,11.44,10.79,8.63,8.63,9.8,10.83,,0,0.24,2026,3,24
84,25-03-2026,9.5,7.36,8.81,10.59,6.87,10.77,9.51,3.37,9.69,8.25,7.21,11.23,12.69,11.44,10.79,8.63,8.63,9.8,10.83,,0,0.21,2026,3,25
85,26-03-2026,9.5,7.36,8.81,10.59,6.87,10.77,9.51,3.37,9.69,8.25,7.21,11.23,12.69,11.44,10.79,8.63,8.63,9.8,10.83,,0,0.31,2026,3,26
86,27-03-2026,9.5,7.36,8.81,10.59,6.87,10.77,9.51,3.37,9.69,8.25,7.21,11.23,12.69,11.44,10.79,8.63,8.63,9.8,10.83,,0,0.27,2026,3,27
87,28-03-2026,9.5,7.34,8.82,10.76,6.73,10.96,9.51,13.35,9.69,8.25,7.21,11.37,10.81,11.41,10.7,8.43,8.34,9.8,10.84,,0,0.2,2026,3,28
88,29-03-2026,9.5,7.33,8.82,10.79,6.83,10.95,9.51,13.3,9.69,8.26,7.21,11.37,12,11.42,10.72,8.64,8.82,9.8,10.84,,0,0.25,2026,3,29
89,30-03-2026,9.5,7.33,8.82,10.75,8.52,11.15,9.51,13.28,9.69,8.25,7.21,11.4,12.47,11.43,10.69,8.95,9.76,9.8,10.84,,0,0.24,2026,3,30
90,31-03-2026,9.5,7.21,8.82,10.8,8.63,11.3,9.51,13.25,9.69,8.25,7.21,11.48,12.68,11.43,10.67,9.69,9.71,9.8,10.84,,0,0.28,2026,3,31
91,01-04-2026,9.5,7.01,8.81,10.62,8.41,11.54,9.51,13.2,9.69,7.7,7.21,11.47,12.71,11.43,10.67,10.21,9.73,9.8,10.84,,0,0.3,2026,4,1
92,02-04-2026,9.5,7.25,8.81,10.64,8.36,12.25,9.51,13.2,9.69,7.73,7.21,11.46,12.88,11.43,10.65,10.22,9.69,9.8,10.85,,0,0.32,2026,4,2
93,03-04-2026,9.5,7.3,8.81,10.7,8.24,12.34,9.51,13.2,9.69,8.29,7.21,11.16,12.87,11.43,10.64,10.22,9.69,9.8,10.85,,0,0.26,2026,4,3
94,04-04-2026,9.5,7.32,8.81,10.76,8.12,12.31,9.51,13.2,9.69,8.28,7.21,11.19,12.92,11.44,10.64,10.21,9.71,9.8,10.85,,0,0.27,2026,4,4
95,05-04-2026,9.5,7.31,8.81,10.75,8.25,12.8,9.51,13.2,9.69,8.27,7.21,11.23,12.94,11.44,10.63,9.3,9.72,9.8,10.85,,0,0.25,2026,4,5
96,06-04-2026,9.5,7.31,8.81,10.78,8.21,11.78,9.51,13.2,9.69,8.25,7.21,11.16,12.94,11.45,10.62,9.23,9.72,9.8,10.84,,0,0.34,2026,4,6
97,07-04-2026,9.5,7.31,8.81,10.56,8.14,11.15,9.51,13.2,9.73,8.24,7.21,11.1,12.95,11.46,10.68,10,9.61,9.8,10.84,,0,0.34,2026,4,7
98,08-04-2026,9.5,7.32,8.81,10.55,8.1,10.01,9.51,13.2,9.69,8.25,7.21,11.06,12.96,11.48,10.6,10.64,9.58,9.8,10.85,,0,0.27,2026,4,8
99,09-04-2026,9.5,7.33,8.82,10.7,8.09,10.61,9.51,13.2,9.69,8.24,7.21,11,12.92,11.46,10.65,10.47,9.73,9.8,10.84,,0,0.28,2026,4,9
100,10-04-2026,9.5,7.33,8.81,10.5,8.07,10.48,9.51,13.17,9.69,8.22,7.21,10.97,12.89,11.45,10.59,10.16,9.73,9.8,10.59,,0,0.33,2026,4,10
101,11-04-2026,9.5,7.34,8.81,10.43,8.04,10.66,9.51,13.1,9.69,8.23,7.21,10.91,12.88,11.45,10.87,10.15,9.72,9.8,10.84,,0,0.34,2026,4,11
102,12-04-2026,9.5,7.35,8.81,10.66,8.04,10.83,9.51,13.1,9.69,8.23,7.21,10.91,12.88,11.46,10.8,10.14,9.71,9.8,10.85,,0,0.2,2026,4,12
103,13-04-2026,9.5,7.35,8.82,10.83,7.96,11.11,9.51,13.1,9.69,8.22,7.21,10.74,12.87,11.45,10.56,10.12,9.73,9.8,10.84,,0,0.23,2026,4,13
104,14-04-2026,9.5,7.35,8.82,10.72,7.97,11.01,9.51,13.2,9.69,8.14,7.21,10.51,12.88,11.46,10.55,10.11,9.73,9.8,10.85,,0,0.26,2026,4,14
105,15-04-2026,9.5,7.35,8.82,10.74,7.96,10.88,9.51,13.2,9.69,8.22,7.21,10.42,12.89,11.46,10.54,10.13,9.72,9.8,10.85,,0,0.26,2026,4,15
106,16-04-2026,9.5,7.35,8.82,10.57,8.05,10.96,9.51,13.2,9.69,8.22,7.21,10.38,12.87,11.47,10.61,10.12,9.72,9.8,10.85,,0,0.22,2026,4,16
107,17-04-2026,9.5,7.35,8.82,10.21,8.09,10.93,9.51,13.2,9.69,8.22,7.21,10.36,12.83,11.47,10.92,10.13,9.71,9.8,10.85,,0,0.25,2026,4,17
108,18-04-2026,9.5,7.35,8.82,10.77,8.09,10.82,9.51,13.14,9.69,8.21,7.21,10.35,12.79,11.47,10.87,10.16,9.71,9.8,10.85,,0,0.22,2026,4,18
109,19-04-2026,9.5,7.35,8.82,10.71,8.11,11.02,9.51,13.18,9.69,8.21,7.21,10.36,12.75,11.48,10.86,10.16,9.7,9.8,10.85,,0,0.28,2026,4,19
110,20-04-2026,9.5,7.35,8.81,10.77,8.08,11.23,9.51,13.2,9.69,8.21,7.21,10.35,12.7,11.49,10.84,10.16,9.69,9.8,10.85,,0,0.27,2026,4,20
111,21-04-2026,9.5,7.35,8.82,10.63,8.08,11.12,9.51,13.2,9.69,8.19,7.21,10.35,12.65,11.49,10.82,9.97,9.69,9.8,10.85,,0,0.29,2026,4,21
112,22-04-2026,9.5,7.36,8.82,10.57,7.93,11.02,9.51,13.2,9.69,8.21,7.21,10.33,12.56,11.49,10.81,10.06,9.68,9.8,10.83,,0,0.34,2026,4,22
113,23-04-2026,9.5,7.36,8.81,10.5,7.81,10.99,9.51,13.2,9.69,8.19,7.21,10.31,12.46,11.5,10.8,10.03,9.69,9.8,10.85,,0,0.38,2026,4,23
114,24-04-2026,9.5,7.36,8.81,10.56,7.05,10.94,9.51,13.25,9.69,8.21,7.21,10.27,12.28,11.5,10.79,9.95,9.68,9.8,10.74,,0,0.41,2026,4,24
115,25-04-2026,9.5,7.36,8.81,10.58,7.83,10.91,9.51,13.3,9.69,8.21,7.21,10.23,12.04,11.51,10.8,9.89,9.66,9.8,10.84,,0,0.6,2026,4,25
116,26-04-2026,9.5,7.38,8.81,10.37,7.83,10.9,9.51,13.2,9.69,8.21,7.2,10.22,11.71,11.52,10.8,9.89,9.63,9.8,10.87,,0,0,2026,4,26
117,27-04-2026,9.5,7.38,8.82,10.65,7.93,11.26,9.51,13.2,9.69,8.21,7.22,10.27,11.47,11.52,10.78,10.11,9.7,9.8,10.86,,0,0.51,2026,4,27
118,28-04-2026,9.5,7.39,8.81,10.7,8.05,11.4,9.51,12.89,9.69,8.21,7.21,10.2,11.23,11.51,10.77,10.13,9.67,9.8,10.85,,0,0.34,2026,4,28
119,29-04-2026,9.5,7.39,8.81,10.75,8.26,11.36,9.51,12.78,9.69,8.21,7.21,10.18,11.17,11.51,10.79,10.03,9.65,9.8,10.85,,0,0.41,2026,4,29
120,30-04-2026,9.5,7.4,8.81,10.74,8.35,11.37,9.51,12.16,9.69,8.21,7.21,10.17,11.11,11.51,10.77,9.99,9.68,9.8,10.85,,0,0.3,2026,4,30
121,01-05-2026,9.5,7.4,8.81,10.84,8.28,11.29,9.51,11.43,9.69,8.21,7.21,10.16,11.06,11.52,10.77,10.07,9.68,9.8,10.85,,0,0.35,2026,5,1
122,02-05-2026,9.5,7.4,8.81,10.68,8.1,11.11,9.51,12.45,9.69,8.21,7.21,10.17,11.05,11.54,10.79,10.08,9.65,9.8,10.85,,0,0.36,2026,5,2
123,03-05-2026,9.5,7.4,8.81,10.73,8.3,11.09,9.51,12.49,9.69,8.22,7.21,10.16,11.01,11.53,10.8,9.87,9.66,9.8,10.84,,0,0.27,2026,5,3
124,04-05-2026,9.5,7.41,8.82,10.69,8.24,11.15,9.51,11.38,9.69,8.17,7.21,10.15,11,11.53,10.78,10.14,9.67,9.8,10.84,,0,0.35,2026,5,4
125,05-05-2026,9.5,7.41,8.82,10.64,8.03,11.21,9.51,7.43,9.69,8.22,7.21,10.12,10.98,11.55,10.77,10.14,9.67,9.8,10.84,,0,0.31,2026,5,5
126,06-05-2026,9.5,7.41,8.81,10.57,8.04,11.28,9.51,6.75,9.69,8.22,7.21,10.1,10.96,11.59,10.76,10.13,9.69,9.8,10.84,,0,0.4,2026,5,6
127,07-05-2026,9.5,7.41,8.81,10.61,7.88,11.43,9.51,10.45,9.69,8.23,7.21,10.11,10.95,11.63,10.76,10.14,9.68,9.8,10.83,,0,0.47,2026,5,7
128,08-05-2026,9.5,7.41,8.81,10.63,7.62,11.7,9.51,10.38,9.69,8.23,7.21,10.14,10.93,11.65,10.75,10.09,9.68,9.8,10.84,,0,0.33,2026,5,8
129,09-05-2026,9.5,7.41,8.83,10.66,7.58,11.34,9.51,12.97,9.69,8.24,7.21,10.13,10.93,11.65,10.75,9.79,9.68,9.8,10.82,,0,0.37,2026,5,9
130,10-05-2026,9.5,7.42,8.83,10.63,8.09,10.89,9.51,12.78,9.69,8.24,7.21,10.13,10.93,11.66,10.75,10.13,9.69,9.8,10.8,,0,0.39,2026,5,10
131,11-05-2026,9.5,7.42,8.83,10.64,8.19,10.71,9.51,12.68,9.69,8.23,7.21,10.13,10.93,11.68,10.75,10.13,9.69,9.8,10.73,,0,0.41,2026,5,11
132,12-05-2026,9.5,7.42,8.83,10.66,8,10.85,9.51,10.14,9.69,8.25,7.21,10.11,10.93,11.67,10.75,10.13,9.68,9.8,10.79,,0,0.45,2026,5,12
133,13-05-2026,9.5,7.42,8.83,10.67,7.82,11,9.51,7.62,9.69,8.25,7.21,10.09,10.92,11.67,10.75,10.13,9.68,9.8,10.78,,0,0.24,2026,5,13
134,14-05-2026,9.5,7.43,8.82,10.73,7.94,11,9.51,12.44,9.69,8.25,7.21,10.1,10.92,11.67,10.75,10.11,9.68,9.8,10.76,,0,0.32,2026,5,14
135,15-05-2026,9.5,7.42,8.81,10.71,7.82,11.09,9.51,12.14,9.69,8.26,7.21,10.09,10.92,11.67,10.74,9.83,9.68,9.8,10.76,,0,0.2,2026,5,15
136,16-05-2026,9.5,7.42,8.81,10.5,7.86,11.08,9.51,11.7,9.69,8.26,7.21,10.07,10.9,11.67,10.74,9.7,9.68,9.8,10.76,,0,0.29,2026,5,16
137,17-05-2026,9.5,7.43,8.81,10.11,7.81,11.2,9.51,12.95,9.69,8.26,7.21,10.07,10.89,11.67,10.74,9.53,9.68,9.8,11.55,,0,0.28,2026,5,17
138,18-05-2026,9.5,7.43,8.81,9.96,7.68,10.74,9.51,12.59,9.69,8.27,7.21,10.08,10.83,11.66,10.73,9.69,9.69,9.8,12.79,,0,0.29,2026,5,18
139,19-05-2026,9.5,7.43,8.81,11.71,7.86,10.11,9.51,11.79,9.69,8.27,7.21,10.05,10.9,11.66,10.73,9.49,9.68,9.8,12.59,,0,0.27,2026,5,19
140,20-05-2026,9.5,7.43,8.81,12.6,8.04,10.15,9.51,11.7,9.69,8.27,7.21,10,10.9,11.66,10.73,9.66,9.68,9.8,12.45,,0,0.31,2026,5,20
141,21-05-2026,9.5,7.43,8.81,11.77,7.86,11.3,9.51,11.7,9.69,8.27,7.48,9.8,10.82,11.66,10.75,9.41,9.68,9.8,12.34,,0,0.34,2026,5,21
142,22-05-2026,9.5,7.44,8.81,11.35,7.66,11.59,9.51,11.7,9.69,8.27,7.21,9.38,10.89,11.66,10.9,9.07,9.63,9.8,12.18,,0,0.25,2026,5,22
143,23-05-2026,9.5,7.44,8.81,11.13,7.63,10.41,9.51,11.7,9.69,8.28,7.21,9.53,10.9,11.68,10.99,9.68,9.43,9.8,12.16,,0,0.19,2026,5,23
144,24-05-2026,9.5,7.44,8.81,11,7.54,8.09,9.51,11.68,9.69,8.28,7.21,9.45,10.89,11.68,10.88,10.13,9.43,9.8,12.08,,0,0.35,2026,5,24
145,25-05-2026,9.5,7.44,8.81,10.94,7.37,9.06,9.51,11.64,9.69,8.28,7.21,9.37,11,11.68,10.85,10.13,9.47,9.8,12.04,,0,0.36,2026,5,25
146,26-05-2026,9.5,7.44,8.82,10.86,7.21,8.49,9.51,11.62,9.69,8.28,7.21,9.27,11.1,11.67,10.87,10.12,9.53,9.8,11.99,9.65,0,0.3,2026,5,26
147,27-05-2026,9.5,7.45,8.82,10.84,7.25,7.33,9.51,11.64,9.69,8.28,7.21,9.68,11.09,11.68,10.76,9.69,9.37,9.8,11.98,9.65,0,0.41,2026,5,27
148,28-05-2026,9.5,7.45,8.81,10.83,7.57,8.53,9.51,11.67,9.69,8.29,7.21,9.44,11.04,11.68,10.79,9.09,9.25,9.8,11.9,8.8,0,2.01,2026,5,28
149,29-05-2026,9.5,7.45,8.81,10.82,7.51,11,9.51,11.61,9.69,8.28,7.21,9.24,11.01,11.68,10.72,9.6,9.4,9.8,11.83,3.06,0,0.31,2026,5,29
150,30-05-2026,9.5,7.46,8.82,10.84,7.53,11.35,9.51,11.07,9.69,8.27,7.21,8.61,11.01,11.67,10.71,9.72,9.54,9.8,11.7,1.36,0,0.3,2026,5,30
151,31-05-2026,9.5,7.46,8.82,10.85,7.44,10.8,9.51,10.17,9.69,8.28,7.21,8.27,12.03,11.67,10.71,9.22,9.57,9.8,11.7,4.57,0,0.29,2026,5,31
152,01-06-2026,9.5,7.46,8.81,10.89,7.4,10.51,9.51,10.54,9.69,8.28,7.21,8.33,13.02,11.67,10.71,9.05,9.48,9.8,11.58,8.11,0,0.29,2026,6,1
153,02-06-2026,9.5,7.47,8.81,10.89,7.45,10.87,9.51,10.68,9.69,8.27,7.21,8.23,13.14,11.68,10.73,9.54,9.46,9.8,11.66,7.15,0,0.3,2026,6,2
154,03-06-2026,9.5,7.47,8.81,10.9,7.34,10.73,9.51,10.55,9.69,8.25,7.21,8.19,12.94,11.68,10.72,10.11,9.54,9.8,11.66,9.74,0,0.27,2026,6,3
155,04-06-2026,9.5,7.47,8.81,10.91,7.36,10.56,9.51,10.3,9.69,8.26,7.21,7.69,12.79,11.68,10.71,10.13,9.54,9.8,11.63,9.66,0,0.24,2026,6,4
156,05-06-2026,9.5,7.47,8.81,10.96,7.47,10.38,9.51,10.35,9.69,8.26,7.21,7.77,12.49,11.67,10.69,10.13,9.66,9.8,11.61,9.61,0,0.24,2026,6,5
157,06-06-2026,9.5,7.47,8.81,11,7.24,10.31,9.51,10.48,9.69,8.26,7.21,7.83,12.08,11.67,10.69,10.13,9.65,9.8,12.13,9.64,0,0.24,2026,6,6
158,07-06-2026,9.5,7.47,8.81,11.03,7.22,10.34,9.51,10.68,9.69,8.26,7.21,8.12,12.27,11.67,10.69,10.12,9.66,9.8,12.49,9.62,0,0.24,2026,6,7
159,08-06-2026,9.5,7.47,8.81,11.09,7.48,10.39,9.51,10.37,9.69,8.25,7.21,8.1,13.02,11.66,10.67,9.32,9.63,9.8,12.49,9.63,0,0.22,2026,6,8
160,09-06-2026,9.5,7.48,8.81,11.12,7.59,10.46,9.51,11.9,9.69,8.25,7.21,8.12,12.94,11.66,10.68,9.67,9.67,9.8,12.43,9.64,0,0.32,2026,6,9
161,10-06-2026,9.5,7.48,8.81,11.13,7.95,10.64,9.51,13.89,9.69,8.23,7.21,7.77,12.91,11.66,10.69,9.51,9.57,9.8,12.23,9.64,0,0.31,2026,6,10
162,11-06-2026,9.5,7.48,8.81,11.15,8,10.71,9.51,13.89,9.69,8.27,7.21,7.86,12.95,11.67,10.69,9.58,9.55,9.8,12.06,9.65,0,0.32,2026,6,11
163,12-06-2026,9.5,7.48,8.81,11.19,7.75,10.94,9.51,13.76,9.69,8.28,7.21,8.02,12.87,11.66,10.69,9.44,9.42,9.8,12.04,9.63,0,0.36,2026,6,12
164,13-06-2026,9.5,7.48,8.81,11.24,7.54,11.14,9.51,13.72,9.69,8.29,7.21,7.81,11.48,11.66,10.69,9.34,9.5,9.8,11.94,9.64,0,0.29,2026,6,13
165,14-06-2026,9.5,7.48,8.81,11.28,7.78,10.86,9.51,13.72,9.69,8.28,7.21,8.23,10.44,11.66,10.68,9.13,9.52,9.8,11.76,9.7,0,0.29,2026,6,14
166,15-06-2026,9.5,7.49,8.81,11.33,7.86,10.48,9.51,13.67,9.69,8.29,7.21,8.33,10.57,11.66,10.68,9.14,9.67,9.8,11.68,9.63,0,0.31,2026,6,15
167,16-06-2026,9.5,7.49,8.81,11.38,7.73,10.36,9.51,13.6,9.69,8.29,7.21,8.06,12.9,11.64,10.68,9.74,9.58,9.8,11.6,9.61,0,0.24,2026,6,16
168,17-06-2026,9.5,7.49,8.81,11.42,7.72,10.29,9.51,13.51,9.69,8.3,7.21,7.89,12.72,11.63,10.69,10.15,9.38,9.8,11.57,9.57,0,0.21,2026,6,17
169,18-06-2026,9.5,7.49,8.8,11.48,7.62,10.64,9.51,13.08,9.69,8.3,7.21,8,12.32,11.67,10.71,9.82,9.04,9.8,11.57,9.63,0,0.36,2026,6,18
170,19-06-2026,9.5,7.49,8.81,11.51,7.41,10.83,9.51,12.77,9.69,7.92,7.21,8.11,11.21,11.67,10.7,9.78,9.16,9.8,11.49,9.65,0,0.26,2026,6,19
171,20-06-2026,9.5,7.49,8.81,11.43,7.31,10.68,9.51,12.62,9.69,8.32,7.21,8.09,12.32,11.66,10.68,10.15,9.23,9.8,11.49,9.66,0,0.24,2026,6,20
172,21-06-2026,9.5,7.49,8.8,11.53,7.28,10.49,9.51,11.62,9.69,8.31,7.21,8.09,13.09,11.65,10.73,10.15,9.01,9.8,11.51,9.66,0,0.3,2026,6,21
173,22-06-2026,9.5,7.49,8.82,11.52,7.12,10.74,9.51,11.32,9.69,8.3,7.21,8.13,12.6,11.68,10.68,10.15,8.74,9.8,12.26,9.72,0,0.28,2026,6,22
174,23-06-2026,9.5,7.49,8.81,11.56,6.97,10.83,9.51,11.22,9.69,8.3,7.21,7.86,13.39,11.68,10.69,10.15,8.74,9.8,12.54,9.8,0,0.37,2026,6,23
175,24-06-2026,9.5,7.5,8.82,11.57,6.82,10.76,9.51,11.19,9.69,8.3,7.21,7.92,13.29,11.69,10.68,10.15,8.74,9.8,12.5,9.8,0,0.27,2026,6,24
176,25-06-2026,9.5,7.5,8.84,11.72,6.73,11.2,9.51,11.11,9.69,8.3,7.21,7.84,12.9,11.68,10.67,10.15,8.74,9.8,12.49,9.8,0,0.33,2026,6,25
177,26-06-2026,9.5,7.51,8.83,11.8,6.86,11.38,9.51,11.14,9.69,8.28,7.21,7.71,12.85,11.67,10.67,10.15,8.74,9.8,12.54,9.8,0,0.24,2026,6,26
178,27-06-2026,9.5,7.47,8.83,11.68,6.8,11.16,9.51,11.19,9.69,8.3,7.21,7.86,12.99,11.68,10.68,10.15,8.74,9.8,12.49,9.8,0,0.34,2026,6,27
179,28-06-2026,9.5,7.5,8.81,11.58,6.69,11.08,9.51,11.09,9.69,8.29,7.21,7.67,13.01,11.7,10.71,10.15,8.74,9.8,12.51,9.8,0,0.24,2026,6,28
180,29-06-2026,9.5,7.51,8.81,11.51,6.57,11.02,9.51,11.1,9.69,8.3,7.21,8.07,13.22,11.68,10.7,10.15,8.74,9.8,12.53,9.8,0,0.44,2026,6,29
181,30-06-2026,9.5,7.52,8.81,11.5,6.54,10.55,9.51,11.1,9.69,8.3,7.21,8.27,13.28,11.68,10.7,10.15,8.74,9.8,12.5,9.8,0,0.47,2026,6,30
