Sl No.,Time,FES102_pH,AL_VSP1_GCB1B_SCB_102-pH - (pH) Raw,SCRUBBER_SCB_103_GCB1C-pH - (pH) Raw,SCB_301-pH - (pH) Raw,SCB_302-pH - (pH) Raw,SCB_303-pH - (pH) Raw,LL_VSP1_OCB_SCB_304-pH - (pH) Raw,LL_VSP1_GCB2_SCB_501-pH - (pH) Raw,LL_VSP1_GCB3_SCB_502-pH - (pH) Raw,LL_VSP1_GCB4_SCB_601-pH - (pH) Raw,SCB_604-pH - (pH) Raw,SCB_605-pH - (pH) Raw,SCB_606-pH - (pH) Raw,LL_VSP1_GCB7_SCB_901-pH - (pH) Raw,LL_VSP1_RM_SCB_105-pH - (pH) Raw,LL_VSP1_EHS_SCB_106-pH - (pH) Raw,LL_VSP1_EHS_SCB_107-pH - (pH) Raw,Ammonia_Scrubber-pH - (pH) Raw,LL_VSP1_RM_SCB_104-pH - (pH) Raw,FES_101_RM-pH - (pH) Raw,Ambient_VOC,AQMS2_VOC,Year,Month,Day,Date,Average_pH,Max_pH,Min_pH,pH_Range,pH_Change,Primary_VOC,VOC_Change,VOC_Rolling_7,VOC_STD_7,pH_Rolling_7,VOC_Rate,Stability_Index,Day_Name,Month_Name,pH_Status,VOC_Status,ML_Anomaly_Score,ML_Is_Anomaly,ML_Primary_Driver,ML_Anomaly_Explanation
1,2026-01-01,9.5,12.0,14.0,11.13,8.15,12.34,0.95,1.5,1.41,,,,,11.28,13.02,6.9,9.02,9.8,12.45,,0.0,0.45,2026,1,1,2026-01-01,8.896666666666667,14.0,0.95,13.05,,0.45,,0.45,0.0,8.896666666666667,0.0,100.0,Thursday,January,Low,Low,0.416,1,pH_Rolling_7,Operational values within normal multidimensional clusters.
2,2026-01-02,9.5,12.0,14.0,11.2,8.15,11.76,0.95,1.53,1.4,,,,,11.29,13.09,6.9,8.96,9.8,12.57,,0.0,0.45,2026,1,2,2026-01-02,8.873333333333333,14.0,0.95,13.05,-0.0233333333333334,0.45,0.0,0.45,0.0,8.885,0.0,99.76666666666668,Friday,January,Low,Low,0.396,1,pH_Rolling_7,Operational values within normal multidimensional clusters.
3,2026-01-03,9.5,12.09,14.0,11.15,8.15,11.27,0.95,1.53,1.4,,,,,11.3,13.05,6.9,8.47,9.8,12.58,,0.0,0.47,2026,1,3,2026-01-03,8.809333333333333,14.0,0.95,13.05,-0.064,0.47,0.0199999999999999,0.4566666666666667,0.0115470053837924,8.859777777777778,4.444444444444429,99.36,Saturday,January,Low,Low,0.457,1,pH_Rolling_7,Operational values within normal multidimensional clusters.
4,2026-01-04,9.5,12.04,13.91,11.1,8.12,12.52,0.95,1.53,1.41,,,,,11.29,12.84,6.9,8.87,9.8,12.57,,0.0,0.51,2026,1,4,2026-01-04,8.889999999999999,13.91,0.95,12.96,0.0806666666666657,0.51,0.04,0.47,0.0282842712474619,8.867333333333333,8.510638297872353,99.19333333333334,Sunday,January,Low,Low,0.467,1,pH_Rolling_7,Operational values within normal multidimensional clusters.
5,2026-01-05,9.5,12.14,14.0,11.12,8.08,11.94,0.95,1.53,1.4,,,,,11.3,12.8,6.9,8.88,9.8,12.56,,0.0,0.41,2026,1,5,2026-01-05,8.859999999999998,14.0,0.95,13.05,-0.0300000000000011,0.41,-0.1,0.458,0.0363318042491699,8.865866666666665,-19.60784313725491,99.7,Monday,January,Low,Low,0.477,1,pH_Rolling_7,Operational values within normal multidimensional clusters.
6,2026-01-06,9.5,12.14,14.0,11.12,8.08,11.94,0.95,1.53,1.4,,,,,11.3,12.8,6.9,8.88,9.8,12.56,,0.0,0.41,2026,1,6,2026-01-06,8.859999999999998,14.0,0.95,13.05,0.0,0.41,0.0,0.45,0.0379473319220205,8.864888888888887,0.0,100.0,Tuesday,January,Low,Low,0.37,1,pH_Rolling_7,Operational values within normal multidimensional clusters.
7,2026-01-07,9.5,12.14,14.0,11.12,8.08,11.94,0.95,1.53,1.4,,,,,11.3,12.8,6.9,8.88,9.8,12.56,,0.0,0.52,2026,1,7,2026-01-07,8.859999999999998,14.0,0.95,13.05,0.0,0.52,0.11,0.4599999999999999,0.0435889894354067,8.864190476190474,26.82926829268293,100.0,Wednesday,January,Low,Low,0.472,1,pH_Rolling_7,Operational values within normal multidimensional clusters.
8,2026-01-08,9.5,12.14,14.0,11.12,8.08,11.94,0.95,1.53,1.4,,,,,11.3,12.8,6.9,8.88,9.8,12.56,,0.0,0.54,2026,1,8,2026-01-08,8.859999999999998,14.0,0.95,13.05,0.0,0.54,0.02,0.4728571428571428,0.052508502712826,8.85895238095238,3.846153846153855,100.0,Thursday,January,Low,Low,0.407,1,pH_Rolling_7,Operational values within normal multidimensional clusters.
9,2026-01-09,9.5,11.8,13.84,11.18,7.83,12.89,0.95,1.53,1.38,,,,,11.29,12.61,6.9,9.15,9.8,12.48,,0.0,0.48,2026,1,9,2026-01-09,8.875333333333334,13.84,0.95,12.89,0.015333333333336,0.48,-0.06,0.4771428571428571,0.0515474815790535,8.859238095238094,-11.111111111111116,99.84666666666664,Friday,January,Low,Low,0.454,1,pH_Rolling_7,Operational values within normal multidimensional clusters.
10,2026-01-10,9.5,11.82,13.82,11.2,7.84,12.85,0.95,1.53,1.37,,,,,11.31,12.59,6.9,9.17,9.8,12.52,,0.0,0.53,2026,1,10,2026-01-10,8.878000000000002,13.82,0.95,12.87,0.0026666666666681,0.53,0.05,0.4857142857142857,0.0550324579550235,8.869047619047619,10.416666666666677,99.97333333333331,Saturday,January,Low,Low,0.438,1,pH_Rolling_7,Operational values within normal multidimensional clusters.
11,2026-01-11,9.5,12.08,13.99,11.18,7.83,12.54,0.95,1.53,1.37,,,,,11.31,12.52,6.9,9.17,9.8,12.5,,0.0,0.51,2026,1,11,2026-01-11,8.878000000000002,13.99,0.95,13.04,0.0,0.51,-0.02,0.4857142857142857,0.0550324579550235,8.867333333333333,-3.773584905660377,100.0,Sunday,January,Low,Low,0.394,1,pH_Rolling_7,Operational values within normal multidimensional clusters.
12,2026-01-12,9.5,11.9,9.94,11.2,7.77,11.17,5.23,2.93,5.77,,,,,11.3,12.46,6.9,9.17,9.8,12.49,,0.0,0.52,2026,1,12,2026-01-12,9.168666666666669,12.49,2.93,9.56,0.2906666666666648,0.52,0.01,0.5014285714285714,0.044507891221135,8.911428571428571,1.9607843137254832,97.09333333333336,Monday,January,Low,Low,0.598,-1,pH_Rolling_7,Multi-sensor outlier state detected. Primary driver: 'pH_Rolling_7' showing a 2.72x standard deviation from normal mean operating baselines.
13,2026-01-13,9.5,11.9,5.6,11.19,8.27,7.76,9.5,7.3,13.69,,,,,11.31,12.45,6.9,9.17,9.8,12.52,,0.0,0.54,2026,1,13,2026-01-13,9.790666666666668,13.69,5.6,8.09,0.6220000000000017,0.54,0.02,0.5199999999999999,0.0208166599946614,9.044380952380951,3.846153846153855,93.78,Tuesday,January,Normal,Low,0.569,-1,pH_Change,Multi-sensor outlier state detected. Primary driver: 'pH_Change' showing a 3.25x standard deviation from normal mean operating baselines.
14,2026-01-14,9.5,11.95,5.6,11.22,8.34,12.47,9.5,7.3,13.63,,,,,11.31,12.4,6.9,9.11,9.8,12.54,,0.0,0.57,2026,1,14,2026-01-14,10.104666666666668,13.63,5.6,8.030000000000001,0.314,0.57,0.0299999999999999,0.5271428571428572,0.0281154084173819,9.222190476190477,5.555555555555536,96.86,Wednesday,January,Normal,Low,0.419,1,VOC_Rolling_7,Operational values within normal multidimensional clusters.
15,2026-01-15,9.5,12.12,5.6,11.18,8.62,11.84,9.5,7.3,13.7,,,,,11.32,12.34,6.9,9.0,9.8,12.57,,0.0,0.51,2026,1,15,2026-01-15,10.086,13.7,5.6,8.1,-0.0186666666666681,0.51,-0.0599999999999999,0.5228571428571429,0.0281154084173819,9.397333333333334,-10.526315789473673,99.81333333333332,Thursday,January,Normal,Low,0.221,1,VOC_Rolling_7,Operational values within normal multidimensional clusters.
16,2026-01-16,9.5,12.6,5.6,11.01,8.69,12.82,9.5,7.3,13.8,,,,,11.31,12.36,6.89,9.13,9.8,12.47,,0.0,0.49,2026,1,16,2026-01-16,10.185333333333334,13.8,5.6,8.200000000000001,0.0993333333333339,0.49,-0.02,0.5242857142857142,0.025727509827124,9.584476190476192,-3.9215686274509887,99.00666666666666,Friday,January,Normal,Low,0.226,1,VOC_Rolling_7,Operational values within normal multidimensional clusters.
17,2026-01-17,9.5,12.2,5.6,11.17,8.36,11.5,9.5,7.3,13.65,,,,,11.32,12.3,6.9,9.06,9.8,12.59,,0.0,0.54,2026,1,17,2026-01-17,10.05,13.65,5.6,8.05,-0.1353333333333335,0.54,0.05,0.5257142857142857,0.0263673679998231,9.751904761904765,10.204081632653072,98.64666666666666,Saturday,January,Normal,Low,0.247,1,VOC_Rolling_7,Operational values within normal multidimensional clusters.
18,2026-01-18,9.5,12.13,5.6,11.17,8.35,11.54,9.5,7.3,13.73,,,,,11.32,12.27,6.9,9.07,9.8,12.52,,0.0,0.46,2026,1,18,2026-01-18,10.046666666666669,13.73,5.6,8.13,-0.003333333333332,0.46,-0.08,0.5185714285714286,0.0362530786869986,9.918857142857144,-14.814814814814811,99.96666666666668,Sunday,January,Normal,Low,0.195,1,VOC_Rolling_7,Operational values within normal multidimensional clusters.
19,2026-01-19,9.5,12.0,5.52,11.14,7.99,11.62,9.5,7.3,13.7,,,,,11.31,12.29,6.89,9.06,9.8,12.43,,0.0,0.34,2026,1,19,2026-01-19,10.003333333333334,13.7,5.52,8.18,-0.0433333333333347,0.34,-0.12,0.4928571428571429,0.0765319727770221,10.03809523809524,-26.086956521739125,99.56666666666663,Monday,January,Normal,Low,0.213,1,VOC_Rolling_7,Operational values within normal multidimensional clusters.
20,2026-01-20,9.5,11.9,5.5,11.23,9.01,11.39,9.5,7.3,13.64,,10.94,11.25,4.86,11.33,12.29,6.89,8.86,9.8,12.54,,0.0,0.53,2026,1,20,2026-01-20,9.873888888888889,13.64,4.86,8.780000000000001,-0.1294444444444451,0.53,0.19,0.4914285714285715,0.0755928946018455,10.049984126984128,55.88235294117647,98.70555555555556,Tuesday,January,Normal,Low,0.39,1,VOC_Rolling_7,Operational values within normal multidimensional clusters.
21,2026-01-21,9.5,11.94,5.48,11.2,8.52,11.05,9.5,7.3,13.77,,11.16,10.81,5.93,11.32,12.21,6.89,9.06,9.8,12.49,,0.0,0.44,2026,1,21,2026-01-21,9.885,13.77,5.48,8.29,0.011111111111111,0.44,-0.09,0.4728571428571428,0.068729975438738,10.018603174603172,-16.981132075471706,99.88888888888889,Wednesday,January,Normal,Low,0.178,1,VOC_Rolling_7,Operational values within normal multidimensional clusters.
22,2026-01-22,9.5,12.1,5.46,11.25,8.81,10.84,9.5,7.3,13.69,,10.93,11.15,11.14,11.32,12.18,6.89,8.9,9.8,11.78,,0.0,0.46,2026,1,22,2026-01-22,10.141111111111112,13.69,5.46,8.23,0.256111111111112,0.46,0.02,0.4657142857142857,0.0667974906856895,10.02647619047619,4.545454545454541,97.43888888888888,Thursday,January,Normal,Low,0.264,1,VOC_Rolling_7,Operational values within normal multidimensional clusters.
23,2026-01-23,9.5,12.1,5.48,11.27,8.53,11.24,9.5,7.3,13.62,,11.17,11.33,7.97,11.33,12.14,6.89,8.83,9.8,10.81,,0.0,0.36,2026,1,23,2026-01-23,9.933888888888893,13.62,5.48,8.139999999999999,-0.2072222222222208,0.36,-0.1,0.4471428571428571,0.0763138881450129,9.990555555555558,-21.739130434782616,97.9277777777778,Friday,January,Normal,Low,0.225,1,VOC_Rolling_7,Operational values within normal multidimensional clusters.
24,2026-01-24,9.5,12.1,5.48,11.24,8.38,11.44,9.5,7.3,13.7,,11.25,11.01,5.76,11.32,12.08,6.9,8.87,9.8,10.93,,0.0,0.37,2026,1,24,2026-01-24,9.808888888888893,13.7,5.48,8.219999999999999,-0.125,0.37,0.01,0.4228571428571429,0.0684870512613604,9.956111111111111,2.77777777777779,98.75,Saturday,January,Normal,Low,0.138,1,VOC_Rolling_7,Operational values within normal multidimensional clusters.
25,2026-01-25,9.5,12.1,5.48,11.24,8.38,11.44,9.5,7.3,13.7,,11.25,11.01,5.76,11.32,12.08,6.9,8.87,9.8,10.93,,0.0,0.54,2026,1,25,2026-01-25,9.808888888888893,13.7,5.48,8.219999999999999,0.0,0.54,0.17,0.4342857142857143,0.0812110712602543,9.92214285714286,45.945945945945965,100.0,Sunday,January,Normal,Low,0.254,1,Primary_VOC,Operational values within normal multidimensional clusters.
26,2026-01-26,9.5,12.1,5.48,11.24,8.38,11.44,9.5,7.3,13.7,,11.25,11.01,5.76,11.32,12.08,6.9,8.87,9.8,10.93,,0.0,0.41,2026,1,26,2026-01-26,9.808888888888893,13.7,5.48,8.219999999999999,0.0,0.41,-0.13,0.4442857142857143,0.0713809364973457,9.894365079365082,-24.07407407407408,100.0,Monday,January,Normal,Low,0.168,1,VOC_Rolling_7,Operational values within normal multidimensional clusters.
27,2026-01-27,9.5,12.1,5.48,11.24,8.38,11.44,9.5,7.3,13.7,,11.25,11.01,5.76,11.32,12.08,6.9,8.87,9.8,10.93,,0.0,0.42,2026,1,27,2026-01-27,9.808888888888893,13.7,5.48,8.219999999999999,0.0,0.42,0.01,0.4285714285714285,0.0606708528121403,9.885079365079363,2.4390243902439046,100.0,Tuesday,January,Normal,Low,0.107,1,VOC_Rolling_7,Operational values within normal multidimensional clusters.
28,2026-01-28,9.5,12.1,5.48,11.24,8.38,11.44,9.5,7.3,13.7,,11.25,11.01,5.76,11.32,12.08,6.9,8.87,9.8,10.93,,0.0,0.42,2026,1,28,2026-01-28,9.808888888888893,13.7,5.48,8.219999999999999,0.0,0.42,0.0,0.4257142857142857,0.0605136741729072,9.87420634920635,0.0,100.0,Wednesday,January,Normal,Low,0.099,1,VOC_Rolling_7,Operational values within normal multidimensional clusters.
29,2026-01-29,9.5,12.1,5.48,11.27,7.43,12.76,9.5,7.3,13.6,,11.18,10.97,11.67,11.33,11.99,6.89,9.02,9.8,10.96,,0.0,0.42,2026,1,29,2026-01-29,10.15277777777778,13.6,5.48,8.12,0.3438888888888893,0.42,0.0,0.42,0.0585946527708233,9.875873015873015,0.0,96.5611111111111,Thursday,January,Normal,Low,0.276,1,pH_Change,Operational values within normal multidimensional clusters.
30,2026-01-30,9.5,13.4,5.46,11.19,7.46,11.87,9.5,7.3,13.61,,11.05,11.07,11.75,11.33,11.96,6.89,9.05,9.8,10.96,,0.0,0.42,2026,1,30,2026-01-30,10.175000000000002,13.61,5.46,8.149999999999999,0.0222222222222221,0.42,0.0,0.4285714285714285,0.0524177360024168,9.910317460317462,0.0,99.77777777777776,Friday,January,Normal,Low,0.142,1,Average_pH,Operational values within normal multidimensional clusters.
31,2026-01-31,9.5,13.9,5.48,11.23,7.43,12.14,9.5,7.3,13.59,,11.02,11.01,12.15,11.34,13.34,6.89,8.98,9.8,10.96,,0.0,0.42,2026,1,31,2026-01-31,10.30888888888889,13.9,5.48,8.42,0.1338888888888867,0.42,0.0,0.4357142857142856,0.0461364436055863,9.981746031746033,0.0,98.66111111111113,Saturday,January,Normal,Low,0.26,1,Average_pH,Operational values within normal multidimensional clusters.
32,2026-02-01,9.5,13.6,5.48,11.26,7.44,11.63,9.5,7.3,13.58,,10.95,11.1,12.44,11.35,13.34,6.89,9.05,9.8,10.95,,0.0,0.42,2026,2,1,2026-02-01,10.286666666666669,13.6,5.48,8.12,-0.0222222222222203,0.42,0.0,0.4185714285714285,0.0037796447300943,10.05,0.0,99.7777777777778,Sunday,February,Normal,Low,0.208,1,Average_pH,Operational values within normal multidimensional clusters.
33,2026-02-02,9.5,13.48,5.45,11.31,7.48,9.91,9.5,7.3,13.6,,11.16,10.99,12.46,11.35,13.34,6.89,9.05,9.8,10.96,,0.0,0.45,2026,2,2,2026-02-02,10.196111111111112,13.6,5.45,8.149999999999999,-0.0905555555555555,0.45,0.03,0.4242857142857142,0.0113389341902775,10.105317460317464,7.14285714285714,99.09444444444443,Monday,February,Normal,Low,0.214,1,Average_pH,Operational values within normal multidimensional clusters.
34,2026-02-03,9.5,13.34,5.46,11.35,7.9,11.58,9.5,7.3,13.62,,10.97,11.17,12.43,11.35,13.34,6.89,9.14,9.8,10.97,,0.0,0.23,2026,2,3,2026-02-03,10.311666666666666,13.62,5.46,8.16,0.1155555555555523,0.23,-0.22,0.3971428571428571,0.0745462464322843,10.177142857142858,-48.88888888888889,98.84444444444448,Tuesday,February,Normal,Low,0.349,1,Average_pH,Operational values within normal multidimensional clusters.
35,2026-02-04,9.5,12.75,5.46,11.52,8.15,11.16,9.5,7.3,13.65,,11.2,10.94,12.38,11.35,13.34,6.89,9.16,9.8,10.97,,0.0,0.25,2026,2,4,2026-02-04,10.27888888888889,13.65,5.46,8.190000000000001,-0.0327777777777757,0.25,0.0199999999999999,0.3728571428571428,0.091599542523291,10.244285714285716,8.695652173913038,99.67222222222225,Wednesday,February,Normal,Low,0.195,1,pH_Rolling_7,Operational values within normal multidimensional clusters.
36,2026-02-05,9.5,12.77,5.46,11.79,8.36,11.12,9.5,7.3,13.69,,11.03,11.14,12.29,11.35,13.33,6.89,9.22,9.8,10.97,,0.0,0.2,2026,2,5,2026-02-05,10.306111111111113,13.69,5.46,8.23,0.0272222222222211,0.2,-0.0499999999999999,0.3414285714285714,0.1088467686595199,10.266190476190475,-20.0,99.7277777777778,Thursday,February,Normal,Low,0.26,1,pH_Rolling_7,Operational values within normal multidimensional clusters.
37,2026-02-06,9.5,12.86,5.46,12.09,8.1,11.26,9.5,7.3,13.7,,11.1,11.1,11.96,11.35,12.45,6.89,9.26,9.8,10.94,,0.0,0.24,2026,2,6,2026-02-06,10.256666666666668,13.7,5.46,8.239999999999998,-0.0494444444444432,0.24,0.0399999999999999,0.3157142857142857,0.1084523156133827,10.277857142857144,20.0,99.50555555555556,Friday,February,Normal,Low,0.224,1,pH_Rolling_7,Operational values within normal multidimensional clusters.
38,2026-02-07,9.5,12.98,5.24,11.86,7.7,12.28,9.5,7.3,13.67,,11.15,11.37,9.17,11.35,12.17,6.89,9.27,9.8,10.98,,0.0,0.2,2026,2,7,2026-02-07,10.121111111111112,13.67,5.24,8.43,-0.1355555555555554,0.2,-0.0399999999999999,0.2842857142857143,0.105017005425652,10.251031746031746,-16.666666666666664,98.64444444444445,Saturday,February,Normal,Low,0.278,1,pH_Rolling_7,Operational values within normal multidimensional clusters.
39,2026-02-08,9.5,12.94,5.45,11.89,7.78,12.17,9.5,7.3,13.66,,11.17,11.1,12.38,11.35,11.99,6.89,9.27,9.8,10.98,,0.0,0.27,2026,2,8,2026-02-08,10.284444444444444,13.66,5.45,8.21,0.1633333333333322,0.27,0.07,0.2628571428571428,0.0863547500554709,10.250714285714285,35.00000000000001,98.36666666666667,Sunday,February,Normal,Low,0.273,1,pH_Rolling_7,Operational values within normal multidimensional clusters.
40,2026-02-09,9.5,12.92,5.45,12.01,7.87,11.53,9.5,7.3,13.64,,11.14,10.99,12.2,11.36,11.86,6.89,9.27,9.8,10.98,,0.0,0.28,2026,2,9,2026-02-09,10.23388888888889,13.64,5.45,8.190000000000001,-0.0505555555555545,0.28,0.01,0.2385714285714285,0.0313201593379149,10.256111111111112,3.703703703703698,99.49444444444444,Monday,February,Normal,Low,0.18,1,pH_Rolling_7,Operational values within normal multidimensional clusters.
41,2026-02-10,9.5,13.17,5.43,12.02,7.64,12.05,9.5,7.3,13.59,,11.04,10.86,12.28,11.36,11.77,6.89,9.24,9.8,10.98,,0.0,0.27,2026,2,10,2026-02-10,10.245555555555557,13.59,5.43,8.16,0.0116666666666649,0.27,-0.01,0.2442857142857142,0.0330943816264648,10.246666666666668,-3.57142857142857,99.88333333333335,Tuesday,February,Normal,Low,0.172,1,pH_Rolling_7,Operational values within normal multidimensional clusters.
42,2026-02-11,9.5,13.2,5.23,12.06,7.3,12.13,9.5,7.3,13.57,,11.09,11.15,12.53,11.37,11.68,6.89,9.2,9.8,10.98,,0.0,0.14,2026,2,11,2026-02-11,10.248888888888889,13.57,5.23,8.34,0.0033333333333338,0.14,-0.13,0.2285714285714286,0.0511300861947807,10.242380952380952,-48.14814814814815,99.96666666666668,Wednesday,February,Normal,Low,0.346,1,pH_Rolling_7,Operational values within normal multidimensional clusters.
43,2026-02-12,9.5,12.65,5.22,12.13,6.64,12.16,9.5,7.3,13.56,,10.94,11.0,12.27,11.4,11.6,6.89,9.22,9.8,10.95,,0.0,0.26,2026,2,12,2026-02-12,10.151666666666666,13.56,5.22,8.34,-0.0972222222222232,0.26,0.12,0.2371428571428571,0.0505682000583653,10.22031746031746,85.7142857142857,99.02777777777776,Thursday,February,Normal,Low,0.316,1,VOC_Rate,Operational values within normal multidimensional clusters.
44,2026-02-13,9.5,12.39,5.19,12.17,6.08,12.39,9.5,7.3,13.56,,11.29,11.13,11.58,11.38,11.52,6.89,9.26,9.8,10.99,,0.0,0.29,2026,2,13,2026-02-13,10.106666666666667,13.56,5.19,8.370000000000001,-0.0449999999999981,0.29,0.0299999999999999,0.2442857142857143,0.0544233843297599,10.19888888888889,11.53846153846152,99.55,Friday,February,Normal,Low,0.18,1,pH_Rolling_7,Operational values within normal multidimensional clusters.
45,2026-02-14,9.5,12.6,5.18,11.9,6.93,12.0,9.5,7.3,13.54,,11.11,10.99,11.84,11.38,11.44,6.89,9.19,9.8,10.89,,0.0,0.17,2026,2,14,2026-02-14,10.11,13.54,5.18,8.36,0.0033333333333338,0.17,-0.1199999999999999,0.24,0.0594418483337567,10.197301587301586,-41.37931034482758,99.96666666666668,Saturday,February,Normal,Low,0.286,1,pH_Rolling_7,Operational values within normal multidimensional clusters.
46,2026-02-15,9.5,12.6,5.18,11.96,6.94,11.77,9.5,7.3,13.55,,11.12,11.01,12.43,11.38,11.37,6.89,9.17,9.8,10.8,,0.0,0.29,2026,2,15,2026-02-15,10.12611111111111,13.55,5.18,8.370000000000001,0.0161111111111083,0.29,0.1199999999999999,0.2428571428571428,0.061566843271977,10.17468253968254,70.58823529411762,99.83888888888892,Sunday,February,Normal,Low,0.276,1,VOC_Rate,Operational values within normal multidimensional clusters.
47,2026-02-16,9.5,3.23,1.43,11.89,6.69,11.28,9.5,7.3,13.57,,11.24,11.19,12.28,11.38,11.51,6.89,9.1,9.8,10.8,,0.0,0.19,2026,2,16,2026-02-16,9.365555555555556,13.57,1.43,12.14,-0.7605555555555537,0.19,-0.0999999999999999,0.2299999999999999,0.061913918736689,10.05063492063492,-34.482758620689644,92.39444444444446,Monday,February,Low,Low,0.668,-1,Stability_Index,Multi-sensor outlier state detected. Primary driver: 'Stability_Index' showing a 4.10x standard deviation from normal mean operating baselines.
48,2026-02-17,9.5,0.95,2.33,11.95,6.46,11.2,9.5,7.3,13.54,,11.13,11.26,11.74,11.38,11.38,6.89,9.09,9.8,10.8,,0.0,0.19,2026,2,17,2026-02-17,9.233333333333334,13.54,0.95,12.59,-0.1322222222222215,0.19,0.0,0.2185714285714285,0.0606708528121401,9.906031746031744,0.0,98.67777777777778,Tuesday,February,Low,Low,0.449,1,Min_pH,Operational values within normal multidimensional clusters.
49,2026-02-18,9.5,9.01,8.98,11.98,6.9,11.89,9.5,7.3,13.53,,11.15,11.18,12.45,11.39,13.44,6.89,9.12,9.8,10.8,,0.0,0.22,2026,2,18,2026-02-18,10.267222222222223,13.53,6.89,6.64,1.0338888888888889,0.22,0.03,0.23,0.0499999999999999,9.908650793650796,15.789473684210533,89.66111111111111,Wednesday,February,Normal,Low,0.575,-1,Stability_Index,Multi-sensor outlier state detected. Primary driver: 'Stability_Index' showing a 5.80x standard deviation from normal mean operating baselines.
50,2026-02-19,9.5,9.01,8.98,12.08,7.3,12.1,9.5,7.3,13.53,,11.1,11.21,12.36,11.41,11.38,6.89,9.17,9.8,10.8,,0.0,0.25,2026,2,19,2026-02-19,10.19,13.53,6.89,6.64,-0.0772222222222218,0.25,0.03,0.2285714285714286,0.0491353814911995,9.914126984126984,13.636363636363647,99.2277777777778,Thursday,February,Normal,Low,0.098,1,Average_pH,Operational values within normal multidimensional clusters.
51,2026-02-20,9.5,9.01,8.98,12.11,7.51,12.24,9.5,7.3,13.58,,9.68,10.96,12.19,11.4,11.07,6.89,9.22,9.8,10.8,,0.0,0.25,2026,2,20,2026-02-20,10.096666666666668,13.58,6.89,6.69,-0.0933333333333337,0.25,0.0,0.2228571428571428,0.0427060829836865,9.912698412698417,0.0,99.06666666666666,Friday,February,Normal,Low,0.075,1,VOC_Rolling_7,Operational values within normal multidimensional clusters.
52,2026-02-21,9.5,8.16,8.9,11.9,7.05,12.37,9.5,7.3,13.59,,7.21,11.28,11.74,11.39,11.02,6.89,9.23,9.8,10.81,,0.0,0.24,2026,2,21,2026-02-21,9.868888888888888,13.59,6.89,6.7,-0.2277777777777796,0.24,-0.01,0.2328571428571428,0.0359231985000805,9.878253968253969,-4.000000000000004,97.7222222222222,Saturday,February,Normal,Low,0.107,1,pH_Change,Operational values within normal multidimensional clusters.
53,2026-02-22,9.5,7.37,8.83,11.87,6.7,11.89,9.5,7.3,13.66,,7.21,11.18,12.41,11.39,10.98,6.89,9.23,9.8,10.81,,0.0,0.24,2026,2,22,2026-02-22,9.806666666666668,13.66,6.7,6.96,-0.0622222222222212,0.24,0.0,0.2257142857142857,0.026367367999823,9.832619047619048,0.0,99.3777777777778,Sunday,February,Normal,Low,0.053,1,VOC_Rolling_7,Operational values within normal multidimensional clusters.
54,2026-02-23,9.5,7.36,8.83,11.84,6.65,11.89,9.5,7.3,13.66,,7.21,11.13,12.23,11.4,10.92,6.89,9.23,9.8,10.81,,0.0,0.34,2026,2,23,2026-02-23,9.786111111111111,13.66,6.65,7.01,-0.0205555555555552,0.34,0.1,0.2471428571428571,0.0460848079502293,9.892698412698412,41.66666666666667,99.79444444444444,Monday,February,Normal,Low,0.076,1,VOC_Rate,Operational values within normal multidimensional clusters.
55,2026-02-24,9.5,7.36,8.83,11.78,7.36,11.79,9.5,7.3,13.63,,7.21,11.07,12.21,11.41,10.88,6.89,9.25,9.8,10.81,,0.0,0.21,2026,2,24,2026-02-24,9.81,13.63,6.89,6.740000000000001,0.023888888888889,0.21,-0.13,0.25,0.0424264068711928,9.975079365079363,-38.235294117647065,99.7611111111111,Tuesday,February,Normal,Low,0.111,1,VOC_Rate,Operational values within normal multidimensional clusters.
56,2026-02-25,9.5,7.36,8.83,11.68,7.4,11.76,9.5,7.3,13.59,,7.21,10.91,12.22,11.42,13.49,6.89,9.26,9.8,10.78,,0.0,0.22,2026,2,25,2026-02-25,9.93888888888889,13.59,6.89,6.7,0.1288888888888895,0.22,0.01,0.25,0.0424264068711928,9.928174603174606,4.761904761904767,98.71111111111112,Wednesday,February,Normal,Low,0.051,1,VOC_Rolling_7,Operational values within normal multidimensional clusters.
57,2026-02-26,9.5,7.35,8.81,11.59,7.38,11.23,9.5,7.3,13.51,13.97,7.21,11.16,12.3,11.43,13.49,6.89,9.24,9.8,10.82,,0.0,0.23,2026,2,26,2026-02-26,10.130526315789474,13.97,6.89,7.080000000000001,0.1916374269005842,0.23,0.01,0.2471428571428571,0.0430945803685667,9.9196783625731,4.545454545454541,98.08362573099416,Thursday,February,Normal,Low,0.14,1,Max_pH,Operational values within normal multidimensional clusters.
58,2026-02-27,9.5,7.36,8.81,11.58,7.55,11.54,9.5,13.84,13.47,13.9,7.21,11.21,12.37,11.42,11.22,6.89,9.19,9.8,10.35,,0.0,0.23,2026,2,27,2026-02-27,10.353157894736842,13.9,6.89,7.010000000000001,0.222631578947368,0.23,0.0,0.2442857142857142,0.0435343323738643,9.956319966583123,0.0,97.77368421052633,Friday,February,Normal,Low,0.197,1,Average_pH,Operational values within normal multidimensional clusters.
59,2026-02-28,9.5,7.36,8.81,11.52,7.47,11.79,9.5,13.46,13.47,14.0,7.21,10.96,12.6,11.42,11.1,6.89,9.19,9.8,10.82,,0.0,0.23,2026,2,28,2026-02-28,10.361578947368422,14.0,6.89,7.11,0.0084210526315793,0.23,0.0,0.2428571428571428,0.0438612531035026,10.026704260651629,0.0,99.9157894736842,Saturday,February,Normal,Low,0.171,1,Average_pH,Operational values within normal multidimensional clusters.
60,2026-03-01,9.5,7.32,8.81,11.5,7.12,11.84,9.5,10.5,13.48,14.0,7.21,11.25,12.75,11.42,11.05,6.89,9.18,9.8,10.82,,0.0,0.24,2026,3,1,2026-03-01,10.207368421052632,14.0,6.89,7.11,-0.15421052631579,0.24,0.0099999999999999,0.2428571428571428,0.0438612531035026,10.083947368421052,4.347826086956519,98.45789473684208,Sunday,March,Normal,Low,0.176,1,Max_pH,Operational values within normal multidimensional clusters.
61,2026-03-02,9.5,7.33,8.81,10.87,7.46,11.39,9.5,13.63,13.48,14.0,7.21,11.04,12.68,11.41,11.03,6.88,9.2,9.8,10.82,,0.0,0.3,2026,3,2,2026-03-02,10.317894736842105,14.0,6.88,7.12,0.1105263157894729,0.3,0.06,0.2371428571428571,0.0292770021884559,10.159916457811194,25.0,98.89473684210527,Monday,March,Normal,Low,0.245,1,Average_pH,Operational values within normal multidimensional clusters.
62,2026-03-03,9.5,7.33,8.81,10.53,7.26,10.75,9.5,7.06,13.52,13.96,7.21,11.14,11.54,11.41,11.02,6.89,9.2,9.8,10.83,,0.0,0.26,2026,3,3,2026-03-03,9.855789473684212,13.96,6.89,7.070000000000001,-0.462105263157893,0.26,-0.0399999999999999,0.2442857142857142,0.0276026223736941,10.166457811194652,-13.33333333333333,95.37894736842108,Tuesday,March,Normal,Low,0.326,1,pH_Change,Operational values within normal multidimensional clusters.
63,2026-03-04,9.5,7.32,8.81,10.59,7.06,10.13,9.5,13.57,13.56,13.96,7.21,11.35,10.33,11.41,11.01,6.89,9.15,9.8,10.83,,0.0,0.18,2026,3,4,2026-03-04,10.104210526315793,13.96,6.89,7.070000000000001,0.2484210526315795,0.18,-0.08,0.2385714285714285,0.0362530786869986,10.190075187969926,-30.76923076923077,97.5157894736842,Wednesday,March,Normal,Low,0.263,1,pH_Rolling_7,Operational values within normal multidimensional clusters.
64,2026-03-05,9.5,7.33,8.81,10.66,7.09,10.35,9.5,12.18,13.58,13.96,7.21,11.14,11.84,11.4,11.0,0.91,1.88,9.8,10.81,,0.0,0.22,2026,3,5,2026-03-05,9.41842105263158,13.96,0.91,13.05,-0.6857894736842116,0.22,0.04,0.2371428571428571,0.0368394198806503,10.088345864661656,22.222222222222232,93.14210526315787,Thursday,March,Low,Low,0.642,-1,Stability_Index,Multi-sensor outlier state detected. Primary driver: 'Stability_Index' showing a 3.64x standard deviation from normal mean operating baselines.
65,2026-03-06,9.5,7.31,8.81,10.71,7.05,10.59,9.5,8.82,13.56,13.96,7.21,11.22,12.62,11.41,11.01,0.91,0.17,9.8,10.83,,0.0,0.25,2026,3,6,2026-03-06,9.21,13.96,0.17,13.79,-0.2084210526315786,0.25,0.03,0.24,0.0369684550213647,9.925037593984964,13.636363636363647,97.9157894736842,Friday,March,Low,Low,0.552,1,Min_pH,Operational values within normal multidimensional clusters.
66,2026-03-07,9.5,7.3,8.81,10.72,7.06,10.78,9.5,10.98,13.54,13.96,7.21,11.45,12.52,11.41,10.97,6.89,8.89,9.8,10.83,,0.0,0.2,2026,3,7,2026-03-07,10.111578947368423,13.96,6.89,7.070000000000001,0.9015789473684226,0.2,-0.0499999999999999,0.2357142857142857,0.0399404318358989,9.889323308270678,-20.0,90.98421052631578,Saturday,March,Normal,Low,0.522,1,Stability_Index,Operational values within normal multidimensional clusters.
67,2026-03-08,9.5,7.25,8.81,10.86,7.06,10.94,9.5,13.05,13.52,13.96,7.21,11.37,12.49,11.42,10.96,6.89,9.01,9.8,10.83,,0.0,0.22,2026,3,8,2026-03-08,10.233157894736843,13.96,6.89,7.070000000000001,0.1215789473684196,0.22,0.0199999999999999,0.2328571428571428,0.0402965199962666,9.893007518796994,9.999999999999986,98.7842105263158,Sunday,March,Normal,Low,0.143,1,Average_pH,Operational values within normal multidimensional clusters.
68,2026-03-09,9.5,7.24,8.81,10.81,7.07,10.98,9.5,10.71,13.5,12.1,7.21,11.39,12.47,11.42,10.94,6.89,9.01,9.8,10.83,,0.0,0.2,2026,3,9,2026-03-09,10.009473684210526,13.5,6.89,6.61,-0.2236842105263168,0.2,-0.0199999999999999,0.2185714285714285,0.0285356919363401,9.848947368421053,-9.090909090909085,97.76315789473684,Monday,March,Normal,Low,0.143,1,pH_Change,Operational values within normal multidimensional clusters.
69,2026-03-10,9.5,7.27,8.81,10.77,7.06,10.92,9.5,11.08,13.47,8.25,7.21,11.11,12.58,11.42,10.93,6.89,8.99,9.8,10.4,,0.0,0.19,2026,3,10,2026-03-10,9.787368421052632,13.47,6.89,6.580000000000001,-0.2221052631578945,0.19,-0.01,0.2085714285714285,0.0234012616672486,9.839172932330827,-5.000000000000004,97.77894736842106,Tuesday,March,Normal,Low,0.138,1,pH_Change,Operational values within normal multidimensional clusters.
70,2026-03-11,9.5,7.31,8.81,10.87,7.06,10.71,9.51,12.04,13.49,8.25,7.21,11.45,12.57,11.42,10.92,6.89,9.06,9.8,10.83,,0.0,0.24,2026,3,11,2026-03-11,9.878947368421054,13.49,6.89,6.6000000000000005,0.091578947368422,0.24,0.0499999999999999,0.2171428571428571,0.0221466970556827,9.80699248120301,26.315789473684205,99.0842105263158,Wednesday,March,Normal,Low,0.066,1,VOC_Rolling_7,Operational values within normal multidimensional clusters.
71,2026-03-12,9.5,7.34,8.81,10.85,7.06,10.62,9.51,12.74,13.57,8.25,7.21,11.23,12.09,11.42,10.9,6.89,9.04,9.8,10.83,,0.0,0.25,2026,3,12,2026-03-12,9.876842105263158,13.57,6.89,6.680000000000001,-0.0021052631578957,0.25,0.01,0.2214285714285714,0.0254483604112139,9.87248120300752,4.166666666666674,99.97894736842105,Thursday,March,Normal,Low,0.06,1,VOC_Rolling_7,Operational values within normal multidimensional clusters.
72,2026-03-13,9.5,7.33,8.82,10.74,7.06,10.76,9.51,12.59,13.53,8.24,7.21,11.52,11.04,11.42,11.0,6.89,8.91,9.8,10.83,,0.0,0.22,2026,3,13,2026-03-13,9.826315789473686,13.53,6.89,6.64,-0.0505263157894724,0.22,-0.03,0.2171428571428571,0.0221466970556827,9.960526315789476,-12.0,99.49473684210528,Friday,March,Normal,Low,0.074,1,VOC_Rolling_7,Operational values within normal multidimensional clusters.
73,2026-03-14,9.5,7.32,8.81,10.66,7.06,10.81,9.51,9.67,13.46,8.25,7.21,11.27,10.47,11.43,10.91,6.89,8.94,9.8,10.84,,0.0,0.13,2026,3,14,2026-03-14,9.621578947368423,13.46,6.89,6.570000000000001,-0.2047368421052624,0.13,-0.09,0.2071428571428571,0.0398807746975429,9.890526315789474,-40.90909090909091,97.95263157894738,Saturday,March,Normal,Low,0.227,1,Primary_VOC,Operational values within normal multidimensional clusters.
74,2026-03-15,9.5,7.32,8.81,10.52,7.07,10.8,9.51,6.43,13.4,8.24,7.2,11.54,10.23,11.44,10.9,6.89,8.84,9.8,10.83,,0.0,0.15,2026,3,15,2026-03-15,9.435263157894738,13.4,6.43,6.970000000000001,-0.1863157894736851,0.15,0.0199999999999999,0.1971428571428571,0.0446147530585587,9.77654135338346,15.384615384615374,98.13684210526316,Sunday,March,Low,Low,0.259,1,VOC_Rolling_7,Operational values within normal multidimensional clusters.
75,2026-03-16,9.5,7.34,8.81,10.65,7.05,10.86,9.51,13.34,13.48,8.24,7.21,11.26,10.94,11.43,10.97,6.88,9.05,9.8,10.84,,0.0,0.14,2026,3,16,2026-03-16,9.850526315789477,13.48,6.88,6.6000000000000005,0.4152631578947385,0.14,-0.0099999999999999,0.1885714285714285,0.0494734175858009,9.753834586466168,-6.666666666666654,95.8473684210526,Monday,March,Normal,Low,0.286,1,pH_Change,Operational values within normal multidimensional clusters.
76,2026-03-17,9.5,7.35,8.81,10.67,7.09,10.83,9.51,13.25,13.49,8.24,7.21,11.17,12.93,11.44,11.29,6.88,8.99,9.8,10.83,,0.0,0.19,2026,3,17,2026-03-17,9.962105263157897,13.49,6.88,6.61,0.1115789473684198,0.19,0.0499999999999999,0.1885714285714285,0.0494734175858009,9.778796992481205,35.7142857142857,98.8842105263158,Tuesday,March,Normal,Low,0.121,1,VOC_Rolling_7,Operational values within normal multidimensional clusters.
77,2026-03-18,9.5,7.36,8.81,10.68,7.04,10.81,9.51,13.04,13.44,8.24,7.21,11.38,12.75,11.43,11.13,6.88,9.0,9.8,10.84,,0.0,0.12,2026,3,18,2026-03-18,9.939473684210528,13.44,6.88,6.56,-0.0226315789473687,0.12,-0.07,0.1714285714285714,0.0494734175858008,9.787443609022558,-36.8421052631579,99.77368421052633,Wednesday,March,Normal,Low,0.166,1,VOC_Rolling_7,Operational values within normal multidimensional clusters.
78,2026-03-19,9.5,7.36,8.81,10.73,6.99,10.79,9.51,10.28,13.41,8.24,7.21,11.0,12.73,11.43,10.97,1.73,2.87,9.8,10.81,,0.0,0.19,2026,3,19,2026-03-19,9.16684210526316,13.41,1.73,11.68,-0.7726315789473688,0.19,0.07,0.1628571428571428,0.0372890894294319,9.686015037593986,58.33333333333335,92.27368421052633,Thursday,March,Low,Low,0.737,-1,Stability_Index,Multi-sensor outlier state detected. Primary driver: 'Stability_Index' showing a 4.18x standard deviation from normal mean operating baselines.
79,2026-03-20,9.5,7.35,8.81,10.53,6.97,10.8,9.51,13.16,13.38,8.24,7.21,11.29,12.81,11.45,10.88,1.73,2.87,9.8,10.81,,0.0,0.21,2026,3,20,2026-03-20,9.321052631578947,13.38,1.73,11.65,0.15421052631579,0.21,0.0199999999999999,0.1614285714285714,0.0348466026218582,9.613834586466169,10.526315789473673,98.45789473684208,Friday,March,Low,Low,0.432,1,Min_pH,Operational values within normal multidimensional clusters.
80,2026-03-21,9.5,7.35,8.81,10.06,6.99,10.79,9.51,13.1,12.35,8.24,7.21,11.35,12.86,11.46,10.96,1.73,2.87,9.8,10.82,,0.0,0.25,2026,3,21,2026-03-21,9.250526315789475,13.1,1.73,11.37,-0.0705263157894737,0.25,0.04,0.1785714285714285,0.0448807944925855,9.560827067669177,19.047619047619047,99.29473684210528,Saturday,March,Low,Low,0.428,1,Min_pH,Operational values within normal multidimensional clusters.
81,2026-03-22,9.5,7.32,8.81,10.41,6.97,10.78,9.51,12.99,9.69,8.24,7.21,11.49,12.4,11.44,10.86,8.43,8.34,9.8,10.83,,0.0,0.3,2026,3,22,2026-03-22,9.737894736842108,12.99,6.97,6.0200000000000005,0.4873684210526328,0.3,0.0499999999999999,0.1999999999999999,0.0616441400296897,9.604060150375943,20.0,95.12631578947368,Sunday,March,Normal,Low,0.357,1,pH_Change,Operational values within normal multidimensional clusters.
82,2026-03-23,9.5,7.37,8.81,10.68,6.92,10.78,9.51,9.7,9.69,8.24,7.21,11.34,11.97,11.44,10.83,8.43,8.34,9.8,10.83,,0.0,0.28,2026,3,23,2026-03-23,9.54684210526316,11.97,6.92,5.050000000000001,-0.1910526315789482,0.28,-0.0199999999999999,0.22,0.0616441400296897,9.560676691729324,-6.666666666666654,98.08947368421052,Monday,March,Normal,Low,0.285,1,Max_pH,Operational values within normal multidimensional clusters.
83,2026-03-24,9.5,7.36,8.81,10.59,6.87,10.77,9.51,3.37,9.69,8.25,7.21,11.23,12.69,11.44,10.79,8.63,8.63,9.8,10.83,,0.0,0.24,2026,3,24,2026-03-24,9.26157894736842,12.69,3.37,9.32,-0.2852631578947395,0.24,-0.04,0.2271428571428571,0.0604743156814763,9.4606015037594,-14.285714285714302,97.1473684210526,Tuesday,March,Low,Low,0.409,1,Average_pH,Operational values within normal multidimensional clusters.
84,2026-03-25,9.5,7.36,8.81,10.59,6.87,10.77,9.51,3.37,9.69,8.25,7.21,11.23,12.69,11.44,10.79,8.63,8.63,9.8,10.83,,0.0,0.21,2026,3,25,2026-03-25,9.26157894736842,12.69,3.37,9.32,0.0,0.21,-0.03,0.24,0.04,9.363759398496242,-12.5,100.0,Wednesday,March,Low,Low,0.301,1,Average_pH,Operational values within normal multidimensional clusters.
85,2026-03-26,9.5,7.36,8.81,10.59,6.87,10.77,9.51,3.37,9.69,8.25,7.21,11.23,12.69,11.44,10.79,8.63,8.63,9.8,10.83,,0.0,0.31,2026,3,26,2026-03-26,9.26157894736842,12.69,3.37,9.32,0.0,0.31,0.1,0.2571428571428572,0.0407080195679286,9.377293233082709,47.61904761904763,100.0,Thursday,March,Low,Low,0.374,1,Average_pH,Operational values within normal multidimensional clusters.
86,2026-03-27,9.5,7.36,8.81,10.59,6.87,10.77,9.51,3.37,9.69,8.25,7.21,11.23,12.69,11.44,10.79,8.63,8.63,9.8,10.83,,0.0,0.27,2026,3,27,2026-03-27,9.26157894736842,12.69,3.37,9.32,0.0,0.27,-0.0399999999999999,0.2657142857142857,0.0350509832753867,9.368796992481204,-12.9032258064516,100.0,Friday,March,Low,Low,0.288,1,Average_pH,Operational values within normal multidimensional clusters.
87,2026-03-28,9.5,7.34,8.82,10.76,6.73,10.96,9.51,13.35,9.69,8.25,7.21,11.37,10.81,11.41,10.7,8.43,8.34,9.8,10.84,,0.0,0.2,2026,3,28,2026-03-28,9.674736842105265,13.35,6.73,6.619999999999999,0.4131578947368446,0.2,-0.07,0.2585714285714285,0.0429839394148448,9.429398496240603,-25.92592592592593,95.86842105263156,Saturday,March,Normal,Low,0.301,1,pH_Change,Operational values within normal multidimensional clusters.
88,2026-03-29,9.5,7.33,8.82,10.79,6.83,10.95,9.51,13.3,9.69,8.26,7.21,11.37,12.0,11.42,10.72,8.64,8.82,9.8,10.84,,0.0,0.25,2026,3,29,2026-03-29,9.778947368421052,13.3,6.83,6.470000000000001,0.1042105263157875,0.25,0.0499999999999999,0.2514285714285714,0.0389138242053607,9.435263157894736,25.0,98.95789473684212,Sunday,March,Normal,Low,0.089,1,pH_Rolling_7,Operational values within normal multidimensional clusters.
89,2026-03-30,9.5,7.33,8.82,10.75,8.52,11.15,9.51,13.28,9.69,8.25,7.21,11.4,12.47,11.43,10.69,8.95,9.76,9.8,10.84,,0.0,0.24,2026,3,30,2026-03-30,9.965789473684213,13.28,7.21,6.069999999999999,0.1868421052631586,0.24,-0.01,0.2457142857142857,0.0369039938476144,9.495112781954887,-4.000000000000004,98.1315789473684,Monday,March,Normal,Low,0.114,1,pH_Change,Operational values within normal multidimensional clusters.
90,2026-03-31,9.5,7.21,8.82,10.8,8.63,11.3,9.51,13.25,9.69,8.25,7.21,11.48,12.68,11.43,10.67,9.69,9.71,9.8,10.84,,0.0,0.28,2026,3,31,2026-03-31,10.024736842105265,13.25,7.21,6.04,0.0589473684210535,0.28,0.04,0.2514285714285714,0.0389138242053607,9.604135338345865,16.666666666666675,99.41052631578948,Tuesday,March,Normal,Low,0.082,1,VOC_Rolling_7,Operational values within normal multidimensional clusters.
91,2026-04-01,9.5,7.01,8.81,10.62,8.41,11.54,9.51,13.2,9.69,7.7,7.21,11.47,12.71,11.43,10.67,10.21,9.73,9.8,10.84,,0.0,0.3,2026,4,1,2026-04-01,10.003157894736844,13.2,7.01,6.19,-0.0215789473684218,0.3,0.0199999999999999,0.2642857142857143,0.0377964473009228,9.710075187969924,7.14285714285714,99.78421052631576,Wednesday,April,Normal,Low,0.025,1,Average_pH,Operational values within normal multidimensional clusters.
92,2026-04-02,9.5,7.25,8.81,10.64,8.36,12.25,9.51,13.2,9.69,7.73,7.21,11.46,12.88,11.43,10.65,10.22,9.69,9.8,10.85,,0.0,0.32,2026,4,2,2026-04-02,10.059473684210529,13.2,7.21,5.989999999999999,0.0563157894736843,0.32,0.02,0.2657142857142857,0.039940431835899,9.82406015037594,6.666666666666665,99.43684210526315,Thursday,April,Normal,Low,0.043,1,Average_pH,Operational values within normal multidimensional clusters.
93,2026-04-03,9.5,7.3,8.81,10.7,8.24,12.34,9.51,13.2,9.69,8.29,7.21,11.16,12.87,11.43,10.64,10.22,9.69,9.8,10.85,,0.0,0.26,2026,4,3,2026-04-03,10.076315789473684,13.2,7.21,5.989999999999999,0.0168421052631568,0.26,-0.06,0.2642857142857143,0.039940431835899,9.940451127819548,-18.75,99.83157894736844,Friday,April,Normal,Low,0.047,1,Average_pH,Operational values within normal multidimensional clusters.
94,2026-04-04,9.5,7.32,8.81,10.76,8.12,12.31,9.51,13.2,9.69,8.28,7.21,11.19,12.92,11.44,10.64,10.21,9.71,9.8,10.85,,0.0,0.27,2026,4,4,2026-04-04,10.07736842105263,13.2,7.21,5.989999999999999,0.0010526315789469,0.27,0.01,0.2742857142857143,0.0281999662276057,9.99796992481203,3.846153846153855,99.98947368421054,Saturday,April,Normal,Low,0.056,1,Average_pH,Operational values within normal multidimensional clusters.
95,2026-04-05,9.5,7.31,8.81,10.75,8.25,12.8,9.51,13.2,9.69,8.27,7.21,11.23,12.94,11.44,10.63,9.3,9.72,9.8,10.85,,0.0,0.25,2026,4,5,2026-04-05,10.063684210526317,13.2,7.21,5.989999999999999,-0.0136842105263159,0.25,-0.02,0.2742857142857143,0.0281999662276057,10.038646616541351,-7.407407407407418,99.86315789473684,Sunday,April,Normal,Low,0.049,1,pH_Rolling_7,Operational values within normal multidimensional clusters.
96,2026-04-06,9.5,7.31,8.81,10.78,8.21,11.78,9.51,13.2,9.69,8.25,7.21,11.16,12.94,11.45,10.62,9.23,9.72,9.8,10.84,,0.0,0.34,2026,4,6,2026-04-06,10.000526315789472,13.2,7.21,5.989999999999999,-0.0631578947368414,0.34,0.09,0.2885714285714286,0.0328778402720189,10.04360902255639,36.00000000000001,99.3684210526316,Monday,April,Normal,Low,0.07,1,pH_Rolling_7,Operational values within normal multidimensional clusters.
97,2026-04-07,9.5,7.31,8.81,10.56,8.14,11.15,9.51,13.2,9.73,8.24,7.21,11.1,12.95,11.46,10.68,10.0,9.61,9.8,10.84,,0.0,0.34,2026,4,7,2026-04-07,9.989473684210529,13.2,7.21,5.989999999999999,-0.0110526315789449,0.34,0.0,0.2971428571428571,0.0377334006393478,10.038571428571428,0.0,99.88947368421054,Tuesday,April,Normal,Low,0.031,1,pH_Rolling_7,Operational values within normal multidimensional clusters.
98,2026-04-08,9.5,7.32,8.81,10.55,8.1,10.01,9.51,13.2,9.69,8.25,7.21,11.06,12.96,11.48,10.6,10.64,9.58,9.8,10.85,,0.0,0.27,2026,4,8,2026-04-08,9.953684210526315,13.2,7.21,5.989999999999999,-0.035789473684213,0.27,-0.07,0.2928571428571428,0.0390360029179414,10.031503759398497,-20.58823529411765,99.64210526315787,Wednesday,April,Normal,Low,0.04,1,pH_Rolling_7,Operational values within normal multidimensional clusters.
99,2026-04-09,9.5,7.33,8.82,10.7,8.09,10.61,9.51,13.2,9.69,8.24,7.21,11.0,12.92,11.46,10.65,10.47,9.73,9.8,10.84,,0.0,0.28,2026,4,9,2026-04-09,9.987894736842106,13.2,7.21,5.989999999999999,0.0342105263157908,0.28,0.01,0.2871428571428572,0.0372890894294323,10.021278195488724,3.703703703703698,99.6578947368421,Thursday,April,Normal,Low,0.027,1,pH_Rolling_7,Operational values within normal multidimensional clusters.
100,2026-04-10,9.5,7.33,8.81,10.5,8.07,10.48,9.51,13.17,9.69,8.22,7.21,10.97,12.89,11.45,10.59,10.16,9.73,9.8,10.59,,0.0,0.33,2026,4,10,2026-04-10,9.93,13.17,7.21,5.96,-0.0578947368421065,0.33,0.0499999999999999,0.2971428571428571,0.0381725406168212,10.000375939849624,17.85714285714286,99.42105263157892,Friday,April,Normal,Low,0.037,1,pH_Rolling_7,Operational values within normal multidimensional clusters.
101,2026-04-11,9.5,7.34,8.81,10.43,8.04,10.66,9.51,13.1,9.69,8.23,7.21,10.91,12.88,11.45,10.87,10.15,9.72,9.8,10.84,,0.0,0.34,2026,4,11,2026-04-11,9.954736842105264,13.1,7.21,5.89,0.0247368421052645,0.34,0.01,0.3071428571428572,0.0390360029179415,9.982857142857144,3.030303030303028,99.75263157894736,Saturday,April,Normal,Low,0.033,1,pH_Rolling_7,Operational values within normal multidimensional clusters.
102,2026-04-12,9.5,7.35,8.81,10.66,8.04,10.83,9.51,13.1,9.69,8.23,7.21,10.91,12.88,11.46,10.8,10.14,9.71,9.8,10.85,,0.0,0.2,2026,4,12,2026-04-12,9.97263157894737,13.1,7.21,5.89,0.0178947368421056,0.2,-0.14,0.3,0.0532290647422378,9.96984962406015,-41.17647058823529,99.82105263157894,Sunday,April,Normal,Low,0.112,1,VOC_Rate,Operational values within normal multidimensional clusters.
103,2026-04-13,9.5,7.35,8.82,10.83,7.96,11.11,9.51,13.1,9.69,8.22,7.21,10.74,12.87,11.45,10.56,10.12,9.73,9.8,10.84,,0.0,0.23,2026,4,13,2026-04-13,9.968947368421054,13.1,7.21,5.89,-0.0036842105263161,0.23,0.03,0.2842857142857143,0.0556348640264187,9.965338345864662,14.999999999999991,99.96315789473684,Monday,April,Normal,Low,0.043,1,Min_pH,Operational values within normal multidimensional clusters.
104,2026-04-14,9.5,7.35,8.82,10.72,7.97,11.01,9.51,13.2,9.69,8.14,7.21,10.51,12.88,11.46,10.55,10.11,9.73,9.8,10.85,,0.0,0.26,2026,4,14,2026-04-14,9.947894736842104,13.2,7.21,5.989999999999999,-0.0210526315789483,0.26,0.03,0.2728571428571428,0.0502375310282017,9.9593984962406,13.043478260869556,99.78947368421052,Tuesday,April,Normal,Low,0.006,1,Min_pH,Operational values within normal multidimensional clusters.
105,2026-04-15,9.5,7.35,8.82,10.74,7.96,10.88,9.51,13.2,9.69,8.22,7.21,10.42,12.89,11.46,10.54,10.13,9.72,9.8,10.85,,0.0,0.26,2026,4,15,2026-04-15,9.94157894736842,13.2,7.21,5.989999999999999,-0.0063157894736853,0.26,0.0,0.2714285714285714,0.0504739442447194,9.95766917293233,0.0,99.93684210526314,Wednesday,April,Normal,Low,0.0,1,Min_pH,Operational values within normal multidimensional clusters.
106,2026-04-16,9.5,7.35,8.82,10.57,8.05,10.96,9.51,13.2,9.69,8.22,7.21,10.38,12.87,11.47,10.61,10.12,9.72,9.8,10.85,,0.0,0.22,2026,4,16,2026-04-16,9.942105263157895,13.2,7.21,5.989999999999999,0.0005263157894752,0.22,-0.04,0.2628571428571428,0.0537631490007439,9.951127819548873,-15.384615384615383,99.99473684210524,Thursday,April,Normal,Low,0.048,1,Min_pH,Operational values within normal multidimensional clusters.
107,2026-04-17,9.5,7.35,8.82,10.21,8.09,10.93,9.51,13.2,9.69,8.22,7.21,10.36,12.83,11.47,10.92,10.13,9.71,9.8,10.85,,0.0,0.25,2026,4,17,2026-04-17,9.93684210526316,13.2,7.21,5.989999999999999,-0.0052631578947366,0.25,0.03,0.2514285714285714,0.0448807944925857,9.952105263157897,13.636363636363647,99.94736842105264,Friday,April,Normal,Low,0.025,1,VOC_Rolling_7,Operational values within normal multidimensional clusters.
108,2026-04-18,9.5,7.35,8.82,10.77,8.09,10.82,9.51,13.14,9.69,8.21,7.21,10.35,12.79,11.47,10.87,10.16,9.71,9.8,10.85,,0.0,0.22,2026,4,18,2026-04-18,9.953157894736842,13.14,7.21,5.930000000000001,0.0163157894736833,0.22,-0.03,0.2342857142857143,0.0229906813420442,9.95187969924812,-12.0,99.83684210526316,Saturday,April,Normal,Low,0.05,1,VOC_Rolling_7,Operational values within normal multidimensional clusters.
109,2026-04-19,9.5,7.35,8.82,10.71,8.11,11.02,9.51,13.18,9.69,8.21,7.21,10.36,12.75,11.48,10.86,10.16,9.7,9.8,10.85,,0.0,0.28,2026,4,19,2026-04-19,9.96157894736842,13.18,7.21,5.97,0.0084210526315775,0.28,0.06,0.2457142857142857,0.0229906813420443,9.950300751879698,27.27272727272729,99.91578947368424,Sunday,April,Normal,Low,0.053,1,VOC_Rolling_7,Operational values within normal multidimensional clusters.
110,2026-04-20,9.5,7.35,8.81,10.77,8.08,11.23,9.51,13.2,9.69,8.21,7.21,10.35,12.7,11.49,10.84,10.16,9.69,9.8,10.85,,0.0,0.27,2026,4,20,2026-04-20,9.970526315789476,13.2,7.21,5.989999999999999,0.0089473684210563,0.27,-0.01,0.2514285714285714,0.0234012616672487,9.950526315789473,-3.57142857142857,99.91052631578944,Monday,April,Normal,Low,0.035,1,VOC_Rolling_7,Operational values within normal multidimensional clusters.
111,2026-04-21,9.5,7.35,8.82,10.63,8.08,11.12,9.51,13.2,9.69,8.19,7.21,10.35,12.65,11.49,10.82,9.97,9.69,9.8,10.85,,0.0,0.29,2026,4,21,2026-04-21,9.943157894736842,13.2,7.21,5.989999999999999,-0.0273684210526337,0.29,0.0199999999999999,0.2557142857142857,0.0276026223736941,9.949849624060151,7.407407407407396,99.72631578947366,Tuesday,April,Normal,Low,0.013,1,VOC_Rolling_7,Operational values within normal multidimensional clusters.
112,2026-04-22,9.5,7.36,8.82,10.57,7.93,11.02,9.51,13.2,9.69,8.21,7.21,10.33,12.56,11.49,10.81,10.06,9.68,9.8,10.83,,0.0,0.34,2026,4,22,2026-04-22,9.925263157894738,13.2,7.21,5.989999999999999,-0.0178947368421038,0.34,0.05,0.2671428571428572,0.0423140188409963,9.94751879699248,17.24137931034484,99.82105263157897,Wednesday,April,Normal,Low,0.019,1,Min_pH,Operational values within normal multidimensional clusters.
113,2026-04-23,9.5,7.36,8.81,10.5,7.81,10.99,9.51,13.2,9.69,8.19,7.21,10.31,12.46,11.5,10.8,10.03,9.69,9.8,10.85,,0.0,0.38,2026,4,23,2026-04-23,9.90578947368421,13.2,7.21,5.989999999999999,-0.0194736842105278,0.38,0.0399999999999999,0.29,0.0541602560309064,9.94233082706767,11.764705882352944,99.80526315789471,Thursday,April,Normal,Low,0.018,1,Min_pH,Operational values within normal multidimensional clusters.
114,2026-04-24,9.5,7.36,8.81,10.56,7.05,10.94,9.51,13.25,9.69,8.21,7.21,10.27,12.28,11.5,10.79,9.95,9.68,9.8,10.74,,0.0,0.41,2026,4,24,2026-04-24,9.847368421052632,13.25,7.05,6.2,-0.0584210526315782,0.41,0.0299999999999999,0.3128571428571428,0.0667618368317024,9.929548872180453,7.8947368421052655,99.4157894736842,Friday,April,Normal,Low,0.057,1,Primary_VOC,Operational values within normal multidimensional clusters.
115,2026-04-25,9.5,7.36,8.81,10.58,7.83,10.91,9.51,13.3,9.69,8.21,7.21,10.23,12.04,11.51,10.8,9.89,9.66,9.8,10.84,,0.0,0.6,2026,4,25,2026-04-25,9.877894736842103,13.3,7.21,6.090000000000001,0.0305263157894728,0.6,0.19,0.3671428571428571,0.1154288071661902,9.918796992481203,46.34146341463414,99.69473684210529,Saturday,April,Normal,Low,0.248,1,Primary_VOC,Operational values within normal multidimensional clusters.
116,2026-04-26,9.5,7.38,8.81,10.37,7.83,10.9,9.51,13.2,9.69,8.21,7.2,10.22,11.71,11.52,10.8,9.89,9.63,9.8,10.87,,0.0,0.0,2026,4,26,2026-04-26,9.844210526315791,13.2,7.2,5.999999999999999,-0.0336842105263137,0.0,-0.6,0.3271428571428571,0.1807128740769258,9.902030075187971,-100.0,99.66315789473686,Sunday,April,Normal,Low,0.458,1,VOC_Change,Operational values within normal multidimensional clusters.
117,2026-04-27,9.5,7.38,8.82,10.65,7.93,11.26,9.51,13.2,9.69,8.21,7.22,10.27,11.47,11.52,10.78,10.11,9.7,9.8,10.86,,0.0,0.51,2026,4,27,2026-04-27,9.888421052631578,13.2,7.22,5.98,0.044210526315787,0.51,0.51,0.3614285714285715,0.1905630754219865,9.8903007518797,0.0,99.55789473684212,Monday,April,Normal,Low,0.299,1,VOC_Change,Operational values within normal multidimensional clusters.
118,2026-04-28,9.5,7.39,8.81,10.7,8.05,11.4,9.51,12.89,9.69,8.21,7.21,10.2,11.23,11.51,10.77,10.13,9.67,9.8,10.85,,0.0,0.34,2026,4,28,2026-04-28,9.869473684210528,12.89,7.21,5.680000000000001,-0.0189473684210508,0.34,-0.1699999999999999,0.3685714285714286,0.1883638828994359,9.879774436090226,-33.33333333333333,99.81052631578947,Tuesday,April,Normal,Low,0.172,1,VOC_Rate,Operational values within normal multidimensional clusters.
119,2026-04-29,9.5,7.39,8.81,10.75,8.26,11.36,9.51,12.78,9.69,8.21,7.21,10.18,11.17,11.51,10.79,10.03,9.65,9.8,10.85,,0.0,0.41,2026,4,29,2026-04-29,9.865789473684211,12.78,7.21,5.569999999999999,-0.0036842105263161,0.41,0.0699999999999999,0.3785714285714285,0.1884523433504761,9.871278195488722,20.58823529411764,99.96315789473684,Wednesday,April,Normal,Low,0.158,1,VOC_STD_7,Operational values within normal multidimensional clusters.
120,2026-04-30,9.5,7.4,8.81,10.74,8.35,11.37,9.51,12.16,9.69,8.21,7.21,10.17,11.11,11.51,10.77,9.99,9.68,9.8,10.85,,0.0,0.3,2026,4,30,2026-04-30,9.833157894736845,12.16,7.21,4.95,-0.0326315789473685,0.3,-0.1099999999999999,0.3671428571428571,0.1907628794877982,9.8609022556391,-26.82926829268293,99.67368421052632,Thursday,April,Normal,Low,0.183,1,Max_pH,Operational values within normal multidimensional clusters.
121,2026-05-01,9.5,7.4,8.81,10.84,8.28,11.29,9.51,11.43,9.69,8.21,7.21,10.16,11.06,11.52,10.77,10.07,9.68,9.8,10.85,,0.0,0.35,2026,5,1,2026-05-01,9.793684210526315,11.52,7.21,4.31,-0.0394736842105256,0.35,0.0499999999999999,0.3585714285714286,0.1898621053491693,9.853233082706767,16.666666666666675,99.60526315789474,Friday,May,Normal,Low,0.225,1,Max_pH,Operational values within normal multidimensional clusters.
122,2026-05-02,9.5,7.4,8.81,10.68,8.1,11.11,9.51,12.45,9.69,8.21,7.21,10.17,11.05,11.54,10.79,10.08,9.65,9.8,10.85,,0.0,0.36,2026,5,2,2026-05-02,9.821052631578947,12.45,7.21,5.239999999999999,0.0273684210526319,0.36,0.01,0.3242857142857143,0.1579933693605676,9.845112781954889,2.857142857142869,99.72631578947367,Saturday,May,Normal,Low,0.098,1,Max_pH,Operational values within normal multidimensional clusters.
123,2026-05-03,9.5,7.4,8.81,10.73,8.3,11.09,9.51,12.49,9.69,8.22,7.21,10.16,11.01,11.53,10.8,9.87,9.66,9.8,10.84,,0.0,0.27,2026,5,3,2026-05-03,9.822105263157894,12.49,7.21,5.28,0.0010526315789451,0.27,-0.0899999999999999,0.3628571428571429,0.0786795792469444,9.841954887218046,-24.99999999999999,99.98947368421057,Sunday,May,Normal,Low,0.111,1,Max_pH,Operational values within normal multidimensional clusters.
124,2026-05-04,9.5,7.41,8.82,10.69,8.24,11.15,9.51,11.38,9.69,8.17,7.21,10.15,11.0,11.53,10.78,10.14,9.67,9.8,10.84,,0.0,0.35,2026,5,4,2026-05-04,9.772631578947369,11.53,7.21,4.319999999999999,-0.0494736842105254,0.35,0.0799999999999999,0.3399999999999999,0.0447213595499958,9.825413533834588,29.629629629629605,99.50526315789476,Monday,May,Normal,Low,0.191,1,Max_pH,Operational values within normal multidimensional clusters.
125,2026-05-05,9.5,7.41,8.82,10.64,8.03,11.21,9.51,7.43,9.69,8.22,7.21,10.12,10.98,11.55,10.77,10.14,9.67,9.8,10.84,,0.0,0.31,2026,5,5,2026-05-05,9.554736842105264,11.55,7.21,4.340000000000001,-0.2178947368421049,0.31,-0.0399999999999999,0.3357142857142857,0.0461364436055861,9.78045112781955,-11.428571428571422,97.82105263157897,Tuesday,May,Normal,Low,0.267,1,Max_pH,Operational values within normal multidimensional clusters.
126,2026-05-06,9.5,7.41,8.81,10.57,8.04,11.28,9.51,6.75,9.69,8.22,7.21,10.1,10.96,11.59,10.76,10.13,9.69,9.8,10.84,,0.0,0.4,2026,5,6,2026-05-06,9.518947368421053,11.59,6.75,4.84,-0.0357894736842112,0.4,0.09,0.3342857142857142,0.0435343323738644,9.730902255639098,29.03225806451615,99.64210526315787,Wednesday,May,Normal,Low,0.23,1,Max_pH,Operational values within normal multidimensional clusters.
127,2026-05-07,9.5,7.41,8.81,10.61,7.88,11.43,9.51,10.45,9.69,8.23,7.21,10.11,10.95,11.63,10.76,10.14,9.68,9.8,10.83,,0.0,0.47,2026,5,7,2026-05-07,9.717368421052631,11.63,7.21,4.420000000000001,0.1984210526315806,0.47,0.0699999999999999,0.3585714285714285,0.0638823323067684,9.714360902255638,17.499999999999982,98.0157894736842,Thursday,May,Normal,Low,0.287,1,Max_pH,Operational values within normal multidimensional clusters.
128,2026-05-08,9.5,7.41,8.81,10.63,7.62,11.7,9.51,10.38,9.69,8.23,7.21,10.14,10.93,11.65,10.75,10.09,9.68,9.8,10.84,,0.0,0.33,2026,5,8,2026-05-08,9.71421052631579,11.7,7.21,4.489999999999999,-0.0031578947368426,0.33,-0.1399999999999999,0.3557142857142857,0.0647706576718046,9.703007518796992,-29.78723404255318,99.96842105263156,Friday,May,Normal,Low,0.195,1,Max_pH,Operational values within normal multidimensional clusters.
129,2026-05-09,9.5,7.41,8.83,10.66,7.58,11.34,9.51,12.97,9.69,8.24,7.21,10.13,10.93,11.65,10.75,9.79,9.68,9.8,10.82,,0.0,0.37,2026,5,9,2026-05-09,9.815263157894735,12.97,7.21,5.760000000000001,0.1010526315789466,0.37,0.0399999999999999,0.3571428571428571,0.0649908418456749,9.70218045112782,12.12121212121211,98.98947368421054,Saturday,May,Normal,Low,0.053,1,pH_Range,Operational values within normal multidimensional clusters.
130,2026-05-10,9.5,7.42,8.83,10.63,8.09,10.89,9.51,12.78,9.69,8.24,7.21,10.13,10.93,11.66,10.75,10.13,9.69,9.8,10.8,,0.0,0.39,2026,5,10,2026-05-10,9.825263157894735,12.78,7.21,5.569999999999999,0.0099999999999997,0.39,0.02,0.3742857142857143,0.0528700113035557,9.702631578947368,5.405405405405417,99.9,Sunday,May,Normal,Low,0.06,1,pH_Range,Operational values within normal multidimensional clusters.
131,2026-05-11,9.5,7.42,8.83,10.64,8.19,10.71,9.51,12.68,9.69,8.23,7.21,10.13,10.93,11.68,10.75,10.13,9.69,9.8,10.73,,0.0,0.41,2026,5,11,2026-05-11,9.813157894736843,12.68,7.21,5.47,-0.0121052631578937,0.41,0.0199999999999999,0.3828571428571428,0.053139528825626,9.70842105263158,5.12820512820511,99.87894736842108,Monday,May,Normal,Low,0.075,1,Max_pH,Operational values within normal multidimensional clusters.
132,2026-05-12,9.5,7.42,8.83,10.66,8.0,10.85,9.51,10.14,9.69,8.25,7.21,10.11,10.93,11.67,10.75,10.13,9.68,9.8,10.79,,0.0,0.45,2026,5,12,2026-05-12,9.68,11.67,7.21,4.46,-0.1331578947368417,0.45,0.04,0.4028571428571428,0.0471572849495128,9.726315789473686,9.756097560975618,98.6684210526316,Tuesday,May,Normal,Low,0.247,1,Max_pH,Operational values within normal multidimensional clusters.
133,2026-05-13,9.5,7.42,8.83,10.67,7.82,11.0,9.51,7.62,9.69,8.25,7.21,10.09,10.92,11.67,10.75,10.13,9.68,9.8,10.78,,0.0,0.24,2026,5,13,2026-05-13,9.544210526315789,11.67,7.21,4.46,-0.1357894736842126,0.24,-0.21,0.38,0.0776745346515404,9.729924812030076,-46.66666666666666,98.64210526315787,Wednesday,May,Normal,Low,0.342,1,Max_pH,Operational values within normal multidimensional clusters.
134,2026-05-14,9.5,7.43,8.82,10.73,7.94,11.0,9.51,12.44,9.69,8.25,7.21,10.1,10.92,11.67,10.75,10.11,9.68,9.8,10.76,,0.0,0.32,2026,5,14,2026-05-14,9.80578947368421,12.44,7.21,5.23,0.261578947368422,0.32,0.08,0.3585714285714286,0.0689029683512913,9.742556390977445,33.33333333333335,97.38421052631578,Thursday,May,Normal,Low,0.215,1,pH_Change,Operational values within normal multidimensional clusters.
135,2026-05-15,9.5,7.42,8.81,10.71,7.82,11.09,9.51,12.14,9.69,8.26,7.21,10.09,10.92,11.67,10.74,9.83,9.68,9.8,10.76,,0.0,0.2,2026,5,15,2026-05-15,9.771052631578948,12.14,7.21,4.930000000000001,-0.0347368421052625,0.2,-0.12,0.34,0.0916515138991168,9.750676691729325,-37.5,99.65263157894738,Friday,May,Normal,Low,0.161,1,Max_pH,Operational values within normal multidimensional clusters.
136,2026-05-16,9.5,7.42,8.81,10.5,7.86,11.08,9.51,11.7,9.69,8.26,7.21,10.07,10.9,11.67,10.74,9.7,9.68,9.8,10.76,,0.0,0.29,2026,5,16,2026-05-16,9.729473684210529,11.7,7.21,4.489999999999999,-0.0415789473684213,0.29,0.0899999999999999,0.3285714285714285,0.0922728872111722,9.73842105263158,44.99999999999997,99.5842105263158,Saturday,May,Normal,Low,0.176,1,Max_pH,Operational values within normal multidimensional clusters.
137,2026-05-17,9.5,7.43,8.81,10.11,7.81,11.2,9.51,12.95,9.69,8.26,7.21,10.07,10.89,11.67,10.74,9.53,9.68,9.8,11.55,,0.0,0.28,2026,5,17,2026-05-17,9.81105263157895,12.95,7.21,5.739999999999999,0.0815789473684223,0.28,-0.0099999999999999,0.3128571428571428,0.08938946353165,9.736390977443609,-3.44827586206895,99.18421052631578,Sunday,May,Normal,Low,0.045,1,pH_Range,Operational values within normal multidimensional clusters.
138,2026-05-18,9.5,7.43,8.81,9.96,7.68,10.74,9.51,12.59,9.69,8.27,7.21,10.08,10.83,11.66,10.73,9.69,9.69,9.8,12.79,,0.0,0.29,2026,5,18,2026-05-18,9.82421052631579,12.79,7.21,5.579999999999999,0.0131578947368407,0.29,0.0099999999999999,0.2957142857142857,0.0784978010004405,9.737969924812033,3.5714285714285587,99.8684210526316,Monday,May,Normal,Low,0.038,1,pH_Range,Operational values within normal multidimensional clusters.
139,2026-05-19,9.5,7.43,8.81,11.71,7.86,10.11,9.51,11.79,9.69,8.27,7.21,10.05,10.9,11.66,10.73,9.49,9.68,9.8,12.59,,0.0,0.27,2026,5,19,2026-05-19,9.83105263157895,12.59,7.21,5.38,0.0068421052631606,0.27,-0.0199999999999999,0.27,0.0391578004149023,9.759548872180453,-6.896551724137923,99.9315789473684,Tuesday,May,Normal,Low,0.034,1,Max_pH,Operational values within normal multidimensional clusters.
140,2026-05-20,9.5,7.43,8.81,12.6,8.04,10.15,9.51,11.7,9.69,8.27,7.21,10.0,10.9,11.66,10.73,9.66,9.68,9.8,12.45,,0.0,0.31,2026,5,20,2026-05-20,9.883684210526315,12.6,7.21,5.39,0.0526315789473663,0.31,0.0399999999999999,0.2799999999999999,0.0391578004149023,9.808045112781956,14.814814814814811,99.47368421052632,Wednesday,May,Normal,Low,0.046,1,Max_pH,Operational values within normal multidimensional clusters.
141,2026-05-21,9.5,7.43,8.81,11.77,7.86,11.3,9.51,11.7,9.69,8.27,7.48,9.8,10.82,11.66,10.75,9.41,9.68,9.8,12.34,,0.0,0.34,2026,5,21,2026-05-21,9.872631578947368,12.34,7.43,4.91,-0.0110526315789485,0.34,0.03,0.2828571428571428,0.0430945803685666,9.817593984962404,9.677419354838722,99.88947368421051,Thursday,May,Normal,Low,0.119,1,Max_pH,Operational values within normal multidimensional clusters.
142,2026-05-22,9.5,7.44,8.81,11.35,7.66,11.59,9.51,11.7,9.69,8.27,7.21,9.38,10.89,11.66,10.9,9.07,9.63,9.8,12.18,,0.0,0.25,2026,5,22,2026-05-22,9.802105263157896,12.18,7.21,4.97,-0.0705263157894737,0.25,-0.09,0.29,0.0288675134594812,9.822030075187971,-26.470588235294123,99.29473684210528,Friday,May,Normal,Low,0.111,1,Max_pH,Operational values within normal multidimensional clusters.
143,2026-05-23,9.5,7.44,8.81,11.13,7.63,10.41,9.51,11.7,9.69,8.28,7.21,9.53,10.9,11.68,10.99,9.68,9.43,9.8,12.16,,0.0,0.19,2026,5,23,2026-05-23,9.762105263157896,12.16,7.21,4.95,-0.0399999999999991,0.19,-0.06,0.2757142857142857,0.047559486560567,9.82669172932331,-24.0,99.6,Saturday,May,Normal,Low,0.098,1,Max_pH,Operational values within normal multidimensional clusters.
144,2026-05-24,9.5,7.44,8.81,11.0,7.54,8.09,9.51,11.68,9.69,8.28,7.21,9.45,10.89,11.68,10.88,10.13,9.43,9.8,12.08,,0.0,0.35,2026,5,24,2026-05-24,9.636315789473686,12.08,7.21,4.87,-0.1257894736842093,0.35,0.1599999999999999,0.2857142857142857,0.0553344807683668,9.80172932330827,84.21052631578947,98.74210526315792,Sunday,May,Normal,Low,0.28,1,VOC_Rate,Operational values within normal multidimensional clusters.
145,2026-05-25,9.5,7.44,8.81,10.94,7.37,9.06,9.51,11.64,9.69,8.28,7.21,9.37,11.0,11.68,10.85,10.13,9.47,9.8,12.04,,0.0,0.36,2026,5,25,2026-05-25,9.673157894736844,12.04,7.21,4.829999999999999,0.0368421052631564,0.36,0.01,0.2957142857142857,0.0621442254912293,9.78015037593985,2.857142857142869,99.63157894736844,Monday,May,Normal,Low,0.108,1,Max_pH,Operational values within normal multidimensional clusters.
146,2026-05-26,9.5,7.44,8.82,10.86,7.21,8.49,9.51,11.62,9.69,8.28,7.21,9.27,11.1,11.67,10.87,10.12,9.53,9.8,11.99,9.65,0.0,0.3,2026,5,26,2026-05-26,9.6315,11.99,7.21,4.78,-0.0416578947368417,0.3,-0.06,0.3,0.0611010092660779,9.751642857142858,-16.666666666666664,99.58342105263158,Tuesday,May,Normal,Low,0.117,1,Max_pH,Operational values within normal multidimensional clusters.
147,2026-05-27,9.5,7.45,8.82,10.84,7.25,7.33,9.51,11.64,9.69,8.28,7.21,9.68,11.09,11.68,10.76,9.69,9.37,9.8,11.98,9.65,0.0,0.41,2026,5,27,2026-05-27,9.561,11.98,7.21,4.7700000000000005,-0.0705000000000009,0.41,0.1099999999999999,0.3142857142857142,0.0741298731635102,9.705545112781955,36.66666666666667,99.295,Wednesday,May,Normal,Low,0.216,1,Max_pH,Operational values within normal multidimensional clusters.
148,2026-05-28,9.5,7.45,8.81,10.83,7.57,8.53,9.51,11.67,9.69,8.29,7.21,9.44,11.04,11.68,10.79,9.09,9.25,9.8,11.9,8.8,0.0,2.01,2026,5,28,2026-05-28,9.5425,11.9,7.21,4.69,-0.0184999999999995,2.01,1.6,0.5528571428571428,0.646702257243478,9.658383458646616,390.2439024390244,99.815,Thursday,May,Normal,Normal,1.0,-1,Primary_VOC,Multi-sensor outlier state detected. Primary driver: 'Primary_VOC' showing a 10.32x standard deviation from normal mean operating baselines.
149,2026-05-29,9.5,7.45,8.81,10.82,7.51,11.0,9.51,11.61,9.69,8.28,7.21,9.24,11.01,11.68,10.72,9.6,9.4,9.8,11.83,3.06,0.0,0.31,2026,5,29,2026-05-29,9.386500000000002,11.83,3.06,8.77,-0.1559999999999988,0.31,-1.6999999999999995,0.5614285714285714,0.6424024847250768,9.59901127819549,-84.57711442786069,98.44,Friday,May,Low,Low,0.79,-1,VOC_Change,Multi-sensor outlier state detected. Primary driver: 'VOC_Change' showing a 8.66x standard deviation from normal mean operating baselines.
150,2026-05-30,9.5,7.46,8.82,10.84,7.53,11.35,9.51,11.07,9.69,8.27,7.21,8.61,11.01,11.67,10.71,9.72,9.54,9.8,11.7,1.36,0.0,0.3,2026,5,30,2026-05-30,9.2685,11.7,1.36,10.34,-0.1180000000000021,0.3,-0.01,0.5771428571428572,0.6330801498945267,9.528496240601504,-3.2258064516129115,98.81999999999998,Saturday,May,Low,Low,0.642,-1,VOC_STD_7,Multi-sensor outlier state detected. Primary driver: 'VOC_STD_7' showing a 4.71x standard deviation from normal mean operating baselines.
151,2026-05-31,9.5,7.46,8.82,10.85,7.44,10.8,9.51,10.17,9.69,8.28,7.21,8.27,12.03,11.67,10.71,9.22,9.57,9.8,11.7,4.57,0.0,0.29,2026,5,31,2026-05-31,9.363499999999998,12.03,4.57,7.459999999999999,0.0949999999999988,0.29,-0.01,0.5685714285714285,0.6370617074095878,9.48952255639098,-3.3333333333333326,99.05,Sunday,May,Low,Low,0.515,1,VOC_STD_7,Operational values within normal multidimensional clusters.
152,2026-06-01,9.5,7.46,8.81,10.89,7.4,10.51,9.51,10.54,9.69,8.28,7.21,8.33,13.02,11.67,10.71,9.05,9.48,9.8,11.58,8.11,0.0,0.29,2026,6,1,2026-06-01,9.5775,13.02,7.21,5.81,0.2140000000000022,0.29,0.0,0.5585714285714285,0.6414158446080716,9.475857142857144,0.0,97.86,Monday,June,Normal,Low,0.433,1,VOC_STD_7,Operational values within normal multidimensional clusters.
153,2026-06-02,9.5,7.47,8.81,10.89,7.45,10.87,9.51,10.68,9.69,8.27,7.21,8.23,13.14,11.68,10.73,9.54,9.46,9.8,11.66,7.15,0.0,0.3,2026,6,2,2026-06-02,9.587,13.14,7.15,5.99,0.0094999999999991,0.3,0.01,0.5585714285714285,0.6414158446080716,9.4695,3.4482758620689724,99.905,Tuesday,June,Normal,Low,0.415,1,VOC_STD_7,Operational values within normal multidimensional clusters.
154,2026-06-03,9.5,7.47,8.81,10.9,7.34,10.73,9.51,10.55,9.69,8.25,7.21,8.19,12.94,11.68,10.72,10.11,9.54,9.8,11.66,9.74,0.0,0.27,2026,6,3,2026-06-03,9.717,12.94,7.21,5.73,0.1300000000000007,0.27,-0.0299999999999999,0.5385714285714285,0.6489588731557795,9.491785714285712,-9.999999999999986,98.7,Wednesday,June,Normal,Low,0.424,1,VOC_STD_7,Operational values within normal multidimensional clusters.
155,2026-06-04,9.5,7.47,8.81,10.91,7.36,10.56,9.51,10.3,9.69,8.26,7.21,7.69,12.79,11.68,10.71,10.13,9.54,9.8,11.63,9.66,0.0,0.24,2026,6,4,2026-06-04,9.6605,12.79,7.21,5.579999999999999,-0.0565000000000015,0.24,-0.03,0.2857142857142857,0.0237045304088635,9.508642857142856,-11.111111111111116,99.435,Thursday,June,Normal,Low,0.08,1,pH_Rolling_7,Operational values within normal multidimensional clusters.
156,2026-06-05,9.5,7.47,8.81,10.96,7.47,10.38,9.51,10.35,9.69,8.26,7.21,7.77,12.49,11.67,10.69,10.13,9.66,9.8,11.61,9.61,0.0,0.24,2026,6,5,2026-06-05,9.652,12.49,7.21,5.28,-0.0084999999999979,0.24,0.0,0.2757142857142857,0.0263673679998224,9.546571428571427,0.0,99.91500000000002,Friday,June,Normal,Low,0.084,1,Max_pH,Operational values within normal multidimensional clusters.
157,2026-06-06,9.5,7.47,8.81,11.0,7.24,10.31,9.51,10.48,9.69,8.26,7.21,7.83,12.08,11.67,10.69,10.13,9.65,9.8,12.13,9.64,0.0,0.24,2026,6,6,2026-06-06,9.655,12.13,7.21,4.920000000000001,0.0030000000000001,0.24,0.0,0.2671428571428571,0.0269037083653811,9.601785714285713,0.0,99.97,Saturday,June,Normal,Low,0.135,1,Max_pH,Operational values within normal multidimensional clusters.
158,2026-06-07,9.5,7.47,8.81,11.03,7.22,10.34,9.51,10.68,9.69,8.26,7.21,8.12,12.27,11.67,10.69,10.12,9.66,9.8,12.49,9.62,0.0,0.24,2026,6,7,2026-06-07,9.708000000000002,12.49,7.21,5.28,0.0530000000000008,0.24,0.0,0.26,0.026457513110645,9.651,0.0,99.47,Sunday,June,Normal,Low,0.069,1,Max_pH,Operational values within normal multidimensional clusters.
159,2026-06-08,9.5,7.47,8.81,11.09,7.48,10.39,9.51,10.37,9.69,8.25,7.21,8.1,13.02,11.66,10.67,9.32,9.63,9.8,12.49,9.63,0.0,0.22,2026,6,8,2026-06-08,9.7045,13.02,7.21,5.81,-0.0035000000000025,0.22,-0.0199999999999999,0.25,0.0264575131106448,9.669142857142855,-8.333333333333325,99.96499999999996,Monday,June,Normal,Low,0.049,1,VOC_Rolling_7,Operational values within normal multidimensional clusters.
160,2026-06-09,9.5,7.48,8.81,11.12,7.59,10.46,9.51,11.9,9.69,8.25,7.21,8.12,12.94,11.66,10.68,9.67,9.67,9.8,12.43,9.64,0.0,0.32,2026,6,9,2026-06-09,9.8065,12.94,7.21,5.73,0.1020000000000003,0.32,0.1,0.2528571428571428,0.0330223589477816,9.7005,45.45454545454546,98.98,Tuesday,June,Normal,Low,0.086,1,VOC_Rate,Operational values within normal multidimensional clusters.
161,2026-06-10,9.5,7.48,8.81,11.13,7.95,10.64,9.51,13.89,9.69,8.23,7.21,7.77,12.91,11.66,10.69,9.51,9.57,9.8,12.23,9.64,0.0,0.31,2026,6,10,2026-06-10,9.891,13.89,7.21,6.680000000000001,0.0845000000000002,0.31,-0.01,0.2585714285714285,0.0393397896234715,9.725357142857144,-3.125,99.155,Wednesday,June,Normal,Low,0.048,1,Max_pH,Operational values within normal multidimensional clusters.
162,2026-06-11,9.5,7.48,8.81,11.15,8.0,10.71,9.51,13.89,9.69,8.27,7.21,7.86,12.95,11.67,10.69,9.58,9.55,9.8,12.06,9.65,0.0,0.32,2026,6,11,2026-06-11,9.901500000000002,13.89,7.21,6.680000000000001,0.0105000000000021,0.32,0.01,0.2699999999999999,0.0443471156521664,9.759785714285714,3.2258064516129004,99.89499999999998,Thursday,June,Normal,Low,0.036,1,Max_pH,Operational values within normal multidimensional clusters.
163,2026-06-12,9.5,7.48,8.81,11.19,7.75,10.94,9.51,13.76,9.69,8.28,7.21,8.02,12.87,11.66,10.69,9.44,9.42,9.8,12.04,9.63,0.0,0.36,2026,6,12,2026-06-12,9.8845,13.76,7.21,6.55,-0.017000000000003,0.36,0.0399999999999999,0.2871428571428571,0.0531395288256256,9.793,12.5,99.82999999999996,Friday,June,Normal,Low,0.029,1,Max_pH,Operational values within normal multidimensional clusters.
164,2026-06-13,9.5,7.48,8.81,11.24,7.54,11.14,9.51,13.72,9.69,8.29,7.21,7.81,11.48,11.66,10.69,9.34,9.5,9.8,11.94,9.64,0.0,0.29,2026,6,13,2026-06-13,9.7995,13.72,7.21,6.510000000000001,-0.084999999999999,0.29,-0.07,0.2942857142857143,0.0489411697371249,9.813642857142856,-19.444444444444443,99.15,Saturday,June,Normal,Low,0.053,1,Max_pH,Operational values within normal multidimensional clusters.
165,2026-06-14,9.5,7.48,8.81,11.28,7.78,10.86,9.51,13.72,9.69,8.28,7.21,8.23,10.44,11.66,10.68,9.13,9.52,9.8,11.76,9.7,0.0,0.29,2026,6,14,2026-06-14,9.752,13.72,7.21,6.510000000000001,-0.0475000000000012,0.29,0.0,0.3014285714285714,0.0429839394148445,9.819928571428571,0.0,99.525,Sunday,June,Normal,Low,0.018,1,Max_pH,Operational values within normal multidimensional clusters.
166,2026-06-15,9.5,7.49,8.81,11.33,7.86,10.48,9.51,13.67,9.69,8.29,7.21,8.33,10.57,11.66,10.68,9.14,9.67,9.8,11.68,9.63,0.0,0.31,2026,6,15,2026-06-15,9.75,13.67,7.21,6.46,-0.0019999999999988,0.31,0.02,0.3142857142857142,0.0237045304088639,9.82642857142857,6.896551724137945,99.98000000000002,Monday,June,Normal,Low,0.045,1,Max_pH,Operational values within normal multidimensional clusters.
167,2026-06-16,9.5,7.49,8.81,11.38,7.73,10.36,9.51,13.6,9.69,8.29,7.21,8.06,12.9,11.64,10.68,9.74,9.58,9.8,11.6,9.61,0.0,0.24,2026,6,16,2026-06-16,9.859,13.6,7.21,6.39,0.1089999999999999,0.24,-0.07,0.3028571428571429,0.0363841933236056,9.833928571428572,-22.580645161290324,98.91,Tuesday,June,Normal,Low,0.049,1,VOC_Rate,Operational values within normal multidimensional clusters.
168,2026-06-17,9.5,7.49,8.81,11.42,7.72,10.29,9.51,13.51,9.69,8.3,7.21,7.89,12.72,11.63,10.69,10.15,9.38,9.8,11.57,9.57,0.0,0.21,2026,6,17,2026-06-17,9.8425,13.51,7.21,6.3,-0.0165000000000006,0.21,-0.03,0.2885714285714286,0.0501426536422403,9.827,-12.5,99.835,Wednesday,June,Normal,Low,0.007,1,Primary_VOC,Operational values within normal multidimensional clusters.
169,2026-06-18,9.5,7.49,8.8,11.48,7.62,10.64,9.51,13.08,9.69,8.3,7.21,8.0,12.32,11.67,10.71,9.82,9.04,9.8,11.57,9.63,0.0,0.36,2026,6,18,2026-06-18,9.794,13.08,7.21,5.87,-0.0484999999999988,0.36,0.15,0.2942857142857143,0.0562308168347636,9.811642857142855,71.42857142857142,99.515,Thursday,June,Normal,Low,0.084,1,VOC_Rate,Operational values within normal multidimensional clusters.
170,2026-06-19,9.5,7.49,8.81,11.51,7.41,10.83,9.51,12.77,9.69,7.92,7.21,8.11,11.21,11.67,10.7,9.78,9.16,9.8,11.49,9.65,0.0,0.26,2026,6,19,2026-06-19,9.711000000000002,12.77,7.21,5.56,-0.0829999999999984,0.26,-0.0999999999999999,0.2799999999999999,0.0489897948556631,9.786857142857142,-27.777777777777768,99.17000000000002,Friday,June,Normal,Low,0.072,1,VOC_Rate,Operational values within normal multidimensional clusters.
171,2026-06-20,9.5,7.49,8.81,11.43,7.31,10.68,9.51,12.62,9.69,8.32,7.21,8.09,12.32,11.66,10.68,10.15,9.23,9.8,11.49,9.66,0.0,0.24,2026,6,20,2026-06-20,9.7825,12.62,7.21,5.409999999999999,0.0714999999999967,0.24,-0.02,0.2728571428571428,0.0508967208224277,9.784428571428572,-7.692307692307699,99.28500000000004,Saturday,June,Normal,Low,0.048,1,Max_pH,Operational values within normal multidimensional clusters.
172,2026-06-21,9.5,7.49,8.8,11.53,7.28,10.49,9.51,11.62,9.69,8.31,7.21,8.09,13.09,11.65,10.73,10.15,9.01,9.8,11.51,9.66,0.0,0.3,2026,6,21,2026-06-21,9.755999999999998,13.09,7.21,5.88,-0.0265000000000004,0.3,0.06,0.2742857142857143,0.051593650402978,9.785,25.0,99.735,Sunday,June,Normal,Low,0.009,1,Min_pH,Operational values within normal multidimensional clusters.
173,2026-06-22,9.5,7.49,8.82,11.52,7.12,10.74,9.51,11.32,9.69,8.3,7.21,8.13,12.6,11.68,10.68,10.15,8.74,9.8,12.26,9.72,0.0,0.28,2026,6,22,2026-06-22,9.749,12.6,7.12,5.48,-0.0069999999999996,0.28,-0.0199999999999999,0.2699999999999999,0.049328828623162,9.784857142857144,-6.666666666666654,99.93,Monday,June,Normal,Low,0.03,1,Max_pH,Operational values within normal multidimensional clusters.
174,2026-06-23,9.5,7.49,8.81,11.56,6.97,10.83,9.51,11.22,9.69,8.3,7.21,7.86,13.39,11.68,10.69,10.15,8.74,9.8,12.54,9.8,0.0,0.37,2026,6,23,2026-06-23,9.787,13.39,6.97,6.420000000000001,0.038000000000002,0.37,0.0899999999999999,0.2885714285714286,0.0595618925792239,9.774571428571427,32.14285714285714,99.61999999999998,Tuesday,June,Normal,Low,0.046,1,VOC_Rate,Operational values within normal multidimensional clusters.
175,2026-06-24,9.5,7.5,8.82,11.57,6.82,10.76,9.51,11.19,9.69,8.3,7.21,7.92,13.29,11.69,10.68,10.15,8.74,9.8,12.5,9.8,0.0,0.27,2026,6,24,2026-06-24,9.772000000000002,13.29,6.82,6.469999999999999,-0.0149999999999987,0.27,-0.0999999999999999,0.2971428571428571,0.0499046710286338,9.7645,-27.027027027027017,99.85,Wednesday,June,Normal,Low,0.053,1,VOC_Rate,Operational values within normal multidimensional clusters.
176,2026-06-25,9.5,7.5,8.84,11.72,6.73,11.2,9.51,11.11,9.69,8.3,7.21,7.84,12.9,11.68,10.67,10.15,8.74,9.8,12.49,9.8,0.0,0.33,2026,6,25,2026-06-25,9.769000000000002,12.9,6.73,6.17,-0.0030000000000001,0.33,0.06,0.2928571428571428,0.0446147530585585,9.760928571428574,22.22222222222221,99.97,Thursday,June,Normal,Low,0.04,1,Stability_Index,Operational values within normal multidimensional clusters.
177,2026-06-26,9.5,7.51,8.83,11.8,6.86,11.38,9.51,11.14,9.69,8.28,7.21,7.71,12.85,11.67,10.67,10.15,8.74,9.8,12.54,9.8,0.0,0.24,2026,6,26,2026-06-26,9.782,12.85,6.86,5.989999999999999,0.0129999999999981,0.24,-0.09,0.29,0.047609522856952,9.771071428571428,-27.27272727272728,99.87000000000002,Friday,June,Normal,Low,0.042,1,VOC_Rate,Operational values within normal multidimensional clusters.
178,2026-06-27,9.5,7.47,8.83,11.68,6.8,11.16,9.51,11.19,9.69,8.3,7.21,7.86,12.99,11.68,10.68,10.15,8.74,9.8,12.49,9.8,0.0,0.34,2026,6,27,2026-06-27,9.776500000000002,12.99,6.8,6.19,-0.0054999999999978,0.34,0.1,0.3042857142857143,0.0450396650583839,9.770214285714289,41.66666666666667,99.94500000000002,Saturday,June,Normal,Low,0.055,1,VOC_Rate,Operational values within normal multidimensional clusters.
179,2026-06-28,9.5,7.5,8.81,11.58,6.69,11.08,9.51,11.09,9.69,8.29,7.21,7.67,13.01,11.7,10.71,10.15,8.74,9.8,12.51,9.8,0.0,0.24,2026,6,28,2026-06-28,9.752,13.01,6.69,6.319999999999999,-0.0245000000000015,0.24,-0.1,0.2957142857142857,0.0512695955569322,9.769642857142856,-29.41176470588236,99.75499999999998,Sunday,June,Normal,Low,0.042,1,VOC_Rate,Operational values within normal multidimensional clusters.
180,2026-06-29,9.5,7.51,8.81,11.51,6.57,11.02,9.51,11.1,9.69,8.3,7.21,8.07,13.22,11.68,10.7,10.15,8.74,9.8,12.53,9.8,0.0,0.44,2026,6,29,2026-06-29,9.771,13.22,6.57,6.65,0.0190000000000001,0.44,0.2,0.3185714285714285,0.0738079876952287,9.772785714285716,83.33333333333334,99.81,Monday,June,Normal,Low,0.216,1,VOC_Rate,Operational values within normal multidimensional clusters.
181,2026-06-30,9.5,7.52,8.81,11.5,6.54,10.55,9.51,11.1,9.69,8.3,7.21,8.27,13.28,11.68,10.7,10.15,8.74,9.8,12.5,9.8,0.0,0.47,2026,6,30,2026-06-30,9.757500000000002,13.28,6.54,6.739999999999999,-0.0134999999999987,0.47,0.0299999999999999,0.3328571428571428,0.0926848217912522,9.76857142857143,6.818181818181812,99.865,Tuesday,June,Normal,Low,0.117,1,Primary_VOC,Operational values within normal multidimensional clusters.
